{
  "type": "FeatureCollection",
  "generator": "overpass-turbo",
  "copyright": "The data included in this document is from www.openstreetmap.org. The data is made available under ODbL.",
  "timestamp": "2026-09-06T14:40:58Z",
  "features": [
    {
      "type": "Feature",
      "properties": {
        "@id": "relation/1593736",
        "name": "Tungabhadra Reservoir",
        "name:kn": "ತುಂಗಭದ್ರಾ ಜಲಾಶಯ",
        "name:ml": "തുംഗഭദ്ര ജലാശയം",
        "name:zh": "通加巴德拉水库",
        "natural": "water",
        "source:position": "Bing Imagery",
        "source:tracer": "scanaerial",
        "type": "multipolygon",
        "water": "reservoir",
        "@geometry": "center"
      },
      "geometry": {
        "type": "Point",
        "coordinates": [
          76.1707073,
          15.2069475
        ]
      },
      "id": "relation/1593736"
    },
    {
      "type": "Feature",
      "properties": {
        "@id": "relation/9244447",
        "building": "yes",
        "historic": "ruins",
        "name": "Guard's Quarters",
        "type": "multipolygon",
        "@geometry": "center"
      },
      "geometry": {
        "type": "Point",
        "coordinates": [
          76.4722824,
          15.3216179
        ]
      },
      "id": "relation/9244447"
    },
    {
      "type": "Feature",
      "properties": {
        "@id": "relation/12327099",
        "historic": "fort",
        "name:en": "Ballari Fort",
        "name:kn": "ಬಳ್ಳಾರಿ ಕೋಟೆ",
        "type": "multipolygon",
        "wikidata": "Q4883513",
        "@geometry": "center"
      },
      "geometry": {
        "type": "Point",
        "coordinates": [
          76.910277,
          15.1486533
        ]
      },
      "id": "relation/12327099"
    },
    {
      "type": "Feature",
      "properties": {
        "@id": "relation/12563451",
        "amenity": "place_of_worship",
        "building": "yes",
        "name": "Krishna Temple",
        "name:kn": "ಕೃಷ್ಣ ದೇವಾಲಯ",
        "religion": "hindu",
        "type": "multipolygon",
        "wheelchair": "no",
        "@geometry": "center"
      },
      "geometry": {
        "type": "Point",
        "coordinates": [
          76.4604401,
          15.3302051
        ]
      },
      "id": "relation/12563451"
    },
    {
      "type": "Feature",
      "properties": {
        "@id": "relation/12565723",
        "building": "temple",
        "historic": "yes",
        "name": "Underground Shiva Temple",
        "ruins": "yes",
        "type": "multipolygon",
        "@geometry": "center"
      },
      "geometry": {
        "type": "Point",
        "coordinates": [
          76.4641259,
          15.317799
        ]
      },
      "id": "relation/12565723"
    },
    {
      "type": "Feature",
      "properties": {
        "@id": "relation/12566025",
        "building": "yes",
        "height": "6",
        "historic": "building",
        "level": "2",
        "name": "Pushkarini - Queen's Bath",
        "name:kn": "ಪುಷ್ಕರಿಣಿ",
        "ruins": "yes",
        "tourism": "attraction",
        "type": "multipolygon",
        "@geometry": "center"
      },
      "geometry": {
        "type": "Point",
        "coordinates": [
          76.4726756,
          15.3134157
        ]
      },
      "id": "relation/12566025"
    },
    {
      "type": "Feature",
      "properties": {
        "@id": "relation/12566055",
        "building": "temple",
        "historic": "yes",
        "name": "Sri Chandrashekhara Temple",
        "name:kn": "ಚಂದ್ರಶೇಖರ ದೇವಸ್ಥಾನ",
        "ruins": "yes",
        "type": "multipolygon",
        "@geometry": "center"
      },
      "geometry": {
        "type": "Point",
        "coordinates": [
          76.474349,
          15.3136541
        ]
      },
      "id": "relation/12566055"
    },
    {
      "type": "Feature",
      "properties": {
        "@id": "relation/12566186",
        "building": "yes",
        "historic": "yes",
        "name": "Octagonal Bath",
        "ruins": "yes",
        "type": "multipolygon",
        "@geometry": "center"
      },
      "geometry": {
        "type": "Point",
        "coordinates": [
          76.4756872,
          15.3155289
        ]
      },
      "id": "relation/12566186"
    },
    {
      "type": "Feature",
      "properties": {
        "@id": "relation/12567398",
        "building": "temple",
        "historic": "yes",
        "type": "multipolygon",
        "@geometry": "center"
      },
      "geometry": {
        "type": "Point",
        "coordinates": [
          76.4688272,
          15.3178402
        ]
      },
      "id": "relation/12567398"
    },
    {
      "type": "Feature",
      "properties": {
        "@id": "relation/18932091",
        "building": "yes",
        "historic": "palace",
        "name": "Shiva Vilasa Palace",
        "name:kn": "ಶಿವ ವಿಲಾಸ ಅರಮನೆ",
        "type": "multipolygon",
        "@geometry": "center"
      },
      "geometry": {
        "type": "Point",
        "coordinates": [
          76.5394729,
          15.0903212
        ]
      },
      "id": "relation/18932091"
    },
    {
      "type": "Feature",
      "properties": {
        "@id": "relation/19323951",
        "name": "Somappana Kere",
        "name:kn": "ಸೋಮಪ್ಪನ ಕೆರೆ",
        "natural": "water",
        "type": "multipolygon",
        "water": "reservoir",
        "@geometry": "center"
      },
      "geometry": {
        "type": "Point",
        "coordinates": [
          76.6044107,
          15.4017625
        ]
      },
      "id": "relation/19323951"
    },
    {
      "type": "Feature",
      "properties": {
        "@id": "relation/21303592",
        "leisure": "park",
        "name": "Skmepl freedom park",
        "type": "multipolygon",
        "@geometry": "center"
      },
      "geometry": {
        "type": "Point",
        "coordinates": [
          76.3892584,
          15.2823796
        ]
      },
      "id": "relation/21303592"
    },
    {
      "type": "Feature",
      "properties": {
        "@id": "way/51200454",
        "name": "Halli Kere",
        "name:kn": "ಹಳ್ಳಿ ಕೆರೆ",
        "natural": "water",
        "@geometry": "center"
      },
      "geometry": {
        "type": "Point",
        "coordinates": [
          76.4867767,
          15.3121779
        ]
      },
      "id": "way/51200454"
    },
    {
      "type": "Feature",
      "properties": {
        "@id": "way/53560808",
        "name": "Kamalapura Kere",
        "name:kn": "ಕಮಲಪುರ ಕೆರೆ",
        "natural": "water",
        "@geometry": "center"
      },
      "geometry": {
        "type": "Point",
        "coordinates": [
          76.4646107,
          15.2980492
        ]
      },
      "id": "way/53560808"
    },
    {
      "type": "Feature",
      "properties": {
        "@id": "way/53760280",
        "barrier": "city_wall",
        "historic": "fort",
        "name": "Sanduru Fort",
        "name:kn": "ಸಂಡೂರು ಕೋಟೆ",
        "@geometry": "center"
      },
      "geometry": {
        "type": "Point",
        "coordinates": [
          76.5545317,
          15.0955062
        ]
      },
      "id": "way/53760280"
    },
    {
      "type": "Feature",
      "properties": {
        "@id": "way/53760291",
        "name": "Allipura Tank",
        "name:kn": "ಅಲ್ಲಿಪುರ ಕೆರೆ",
        "natural": "water",
        "water": "reservoir",
        "@geometry": "center"
      },
      "geometry": {
        "type": "Point",
        "coordinates": [
          76.8497818,
          15.1564322
        ]
      },
      "id": "way/53760291"
    },
    {
      "type": "Feature",
      "properties": {
        "@id": "way/84012652",
        "amenity": "place_of_worship",
        "barrier": "wall",
        "name": "Temple Complex",
        "name:en": "Temple Complex",
        "name:kn": "ದೇವಾಲಯ ಸಂಕೀರ್ಣ",
        "opening_hours": "Mo-Su 06:00-13:00, 14:00-20:30",
        "religion": "hindu",
        "@geometry": "center"
      },
      "geometry": {
        "type": "Point",
        "coordinates": [
          76.4591495,
          15.3350176
        ]
      },
      "id": "way/84012652"
    },
    {
      "type": "Feature",
      "properties": {
        "@id": "way/84305638",
        "barrier": "wall",
        "description": "Achyutaraya Temple Complex",
        "historic": "ruins",
        "ruins": "wall",
        "@geometry": "center"
      },
      "geometry": {
        "type": "Point",
        "coordinates": [
          76.470099,
          15.3321281
        ]
      },
      "id": "way/84305638"
    },
    {
      "type": "Feature",
      "properties": {
        "@id": "way/84305639",
        "historic": "ruins",
        "name": "Pushkarini",
        "name:kn": "ಪುಷ್ಕರಿಣಿ",
        "@geometry": "center"
      },
      "geometry": {
        "type": "Point",
        "coordinates": [
          76.4694403,
          15.3349403
        ]
      },
      "id": "way/84305639"
    },
    {
      "type": "Feature",
      "properties": {
        "@id": "way/90852024",
        "historic": "pond",
        "@geometry": "center"
      },
      "geometry": {
        "type": "Point",
        "coordinates": [
          76.4625204,
          15.3303114
        ]
      },
      "id": "way/90852024"
    },
    {
      "type": "Feature",
      "properties": {
        "@id": "way/99301901",
        "amenity": "place_of_worship",
        "building": "yes",
        "name": "Chandikeswara Temple",
        "name:kn": "ಚಂಡಿಕೇಶ್ವರ ದೇವಾಲಯ",
        "religion": "hindu",
        "@geometry": "center"
      },
      "geometry": {
        "type": "Point",
        "coordinates": [
          76.4598651,
          15.3264296
        ]
      },
      "id": "way/99301901"
    },
    {
      "type": "Feature",
      "properties": {
        "@id": "way/99301904",
        "amenity": "place_of_worship",
        "building": "yes",
        "name": "Uddana Veerabhadra Temple",
        "name:kn": "ಉದ್ದನ ವೀರಭದ್ರ ದೇವಸ್ಥಾನ",
        "religion": "hindu",
        "wheelchair": "no",
        "@geometry": "center"
      },
      "geometry": {
        "type": "Point",
        "coordinates": [
          76.4600405,
          15.3259569
        ]
      },
      "id": "way/99301904"
    },
    {
      "type": "Feature",
      "properties": {
        "@id": "way/99301907",
        "barrier": "wall",
        "historic": "building",
        "@geometry": "center"
      },
      "geometry": {
        "type": "Point",
        "coordinates": [
          76.4711833,
          15.3206677
        ]
      },
      "id": "way/99301907"
    },
    {
      "type": "Feature",
      "properties": {
        "@id": "way/99301909",
        "name": "Sita Sarovara",
        "name:kn": "ಸೀತಾ ಸರೋವರ",
        "natural": "water",
        "@geometry": "center"
      },
      "geometry": {
        "type": "Point",
        "coordinates": [
          76.4718229,
          15.3391409
        ]
      },
      "id": "way/99301909"
    },
    {
      "type": "Feature",
      "properties": {
        "@id": "way/116351896",
        "name": "Daroji Kere",
        "name:kn": "ದರೋಜಿ ಕೆರೆ",
        "natural": "water",
        "@geometry": "center"
      },
      "geometry": {
        "type": "Point",
        "coordinates": [
          76.6658752,
          15.230825
        ]
      },
      "id": "way/116351896"
    },
    {
      "type": "Feature",
      "properties": {
        "@id": "way/117037599",
        "name": "Moka Drinking Water Reserve",
        "name:kn": "ಕುಡಿಯುವ ನೀರು ಸರಬರಾಜು",
        "natural": "water",
        "water": "pond",
        "@geometry": "center"
      },
      "geometry": {
        "type": "Point",
        "coordinates": [
          77.02187,
          15.2072098
        ]
      },
      "id": "way/117037599"
    },
    {
      "type": "Feature",
      "properties": {
        "@id": "way/123463602",
        "historic": "ruins",
        "name": "Krishna Pushkarini",
        "name:en": "Krishna Pushkarini",
        "name:kn": "ಪುಷ್ಕರಿಣಿ",
        "natural": "water",
        "@geometry": "center"
      },
      "geometry": {
        "type": "Point",
        "coordinates": [
          76.479671,
          15.341749
        ]
      },
      "id": "way/123463602"
    },
    {
      "type": "Feature",
      "properties": {
        "@id": "way/129323695",
        "building": "yes",
        "historic": "ruins",
        "name": "Elephant Stables",
        "name:en": "Elephant Stables",
        "name:kn": "ಆನೆ ಲಾಯಗಳು",
        "@geometry": "center"
      },
      "geometry": {
        "type": "Point",
        "coordinates": [
          76.4727814,
          15.3211086
        ]
      },
      "id": "way/129323695"
    },
    {
      "type": "Feature",
      "properties": {
        "@id": "way/129323697",
        "historic": "ruins",
        "name": "Royal Mint",
        "name:kn": "ಟಂಕಸಾಲೆ",
        "@geometry": "center"
      },
      "geometry": {
        "type": "Point",
        "coordinates": [
          76.4675742,
          15.3183814
        ]
      },
      "id": "way/129323697"
    },
    {
      "type": "Feature",
      "properties": {
        "@id": "way/129323699",
        "building": "yes",
        "historic": "ruins",
        "name": "Treasury Building",
        "@geometry": "center"
      },
      "geometry": {
        "type": "Point",
        "coordinates": [
          76.4702917,
          15.3211882
        ]
      },
      "id": "way/129323699"
    },
    {
      "type": "Feature",
      "properties": {
        "@id": "way/129325631",
        "historic": "ruins",
        "name": "Bhima's Gateway",
        "@geometry": "center"
      },
      "geometry": {
        "type": "Point",
        "coordinates": [
          76.4803731,
          15.3128119
        ]
      },
      "id": "way/129325631"
    },
    {
      "type": "Feature",
      "properties": {
        "@id": "way/129325632",
        "building": "temple",
        "historic": "ruins",
        "name": "Ganagitti Jain Temple",
        "name:en": "Ganagitti Jain Temple",
        "name:kn": "ಗಾಣಗಿತ್ತಿ ಜೈನ ದೇವಸ್ಥಾನ",
        "@geometry": "center"
      },
      "geometry": {
        "type": "Point",
        "coordinates": [
          76.4781574,
          15.313455
        ]
      },
      "id": "way/129325632"
    },
    {
      "type": "Feature",
      "properties": {
        "@id": "way/129325633",
        "historic": "ruins",
        "name": "Gejjala Mantapa",
        "name:kn": "ಗೆಜ್ಜಲ ಮಂಟಪ",
        "@geometry": "center"
      },
      "geometry": {
        "type": "Point",
        "coordinates": [
          76.4849404,
          15.3397776
        ]
      },
      "id": "way/129325633"
    },
    {
      "type": "Feature",
      "properties": {
        "@id": "way/129325634",
        "building": "yes",
        "historic": "ruins",
        "name": "Kuduregombe Mantapa",
        "name:en": "Kuduregombe Mantapa",
        "name:hi": "कुदुरेगोम्बे मंडप",
        "name:kn": "ಕುದುರೆಗೊಂಬೆ ಮಂಟಪ",
        "@geometry": "center"
      },
      "geometry": {
        "type": "Point",
        "coordinates": [
          76.4804812,
          15.3408293
        ]
      },
      "id": "way/129325634"
    },
    {
      "type": "Feature",
      "properties": {
        "@id": "way/129325635",
        "historic": "ruins",
        "@geometry": "center"
      },
      "geometry": {
        "type": "Point",
        "coordinates": [
          76.4756872,
          15.3155289
        ]
      },
      "id": "way/129325635"
    },
    {
      "type": "Feature",
      "properties": {
        "@id": "way/129325636",
        "historic": "ruins",
        "name": "Sarasvati Temple",
        "name:kn": "ಸರಸ್ವತಿ ದೇವಸ್ಥಾನ",
        "@geometry": "center"
      },
      "geometry": {
        "type": "Point",
        "coordinates": [
          76.4745734,
          15.3152623
        ]
      },
      "id": "way/129325636"
    },
    {
      "type": "Feature",
      "properties": {
        "@id": "way/129325641",
        "historic": "ruins",
        "@geometry": "center"
      },
      "geometry": {
        "type": "Point",
        "coordinates": [
          76.4649756,
          15.3152337
        ]
      },
      "id": "way/129325641"
    },
    {
      "type": "Feature",
      "properties": {
        "@id": "way/129325642",
        "building": "yes",
        "historic": "building",
        "inscription": "Vishnu Temple 3",
        "@geometry": "center"
      },
      "geometry": {
        "type": "Point",
        "coordinates": [
          76.475481,
          15.3411735
        ]
      },
      "id": "way/129325642"
    },
    {
      "type": "Feature",
      "properties": {
        "@id": "way/140192978",
        "alt_name": "Vijaya Vittala Temple",
        "amenity": "place_of_worship",
        "barrier": "wall",
        "fee": "yes",
        "name": "Vijaya Vitthala Temple",
        "name:en": "Vijaya Vitthala Temple",
        "name:kn": "ವಿಠ್ಠಲ ದೇವಸ್ಥಾನ",
        "name:ta": "விட்டலர் கோயில்",
        "operator": "Archeological Survey of India",
        "operator:en": "Archeological Survey of India",
        "operator:short": "ASI",
        "operator:short:en": "ASI",
        "operator:wikidata": "Q632235",
        "religion": "hindu",
        "tourism": "museum",
        "wikidata": "Q97440907",
        "@geometry": "center"
      },
      "geometry": {
        "type": "Point",
        "coordinates": [
          76.4754691,
          15.3422665
        ]
      },
      "id": "way/140192978"
    },
    {
      "type": "Feature",
      "properties": {
        "@id": "way/209318377",
        "name": "Pampa Sarovara",
        "name:kn": "ಪಂಪಾ ಸರೋವರ",
        "natural": "water",
        "@geometry": "center"
      },
      "geometry": {
        "type": "Point",
        "coordinates": [
          76.4774644,
          15.3536958
        ]
      },
      "id": "way/209318377"
    },
    {
      "type": "Feature",
      "properties": {
        "@id": "way/234751391",
        "historic": "archaeological_site",
        "name": "Jain Temples",
        "name:kn": "ಜೈನ ದೇವಸ್ಥಾನಗಳು",
        "@geometry": "center"
      },
      "geometry": {
        "type": "Point",
        "coordinates": [
          76.4587414,
          15.3343929
        ]
      },
      "id": "way/234751391"
    },
    {
      "type": "Feature",
      "properties": {
        "@id": "way/252723634",
        "building": "yes",
        "historic": "ruins",
        "name:alt": "Pushkarani",
        "@geometry": "center"
      },
      "geometry": {
        "type": "Point",
        "coordinates": [
          76.4703257,
          15.3148101
        ]
      },
      "id": "way/252723634"
    },
    {
      "type": "Feature",
      "properties": {
        "@id": "way/252723635",
        "historic": "yes",
        "name": "Stepwell",
        "name:kn": "ಪುಷ್ಕರಿಣಿ",
        "natural": "water",
        "tourism": "attraction",
        "water": "pond",
        "@geometry": "center"
      },
      "geometry": {
        "type": "Point",
        "coordinates": [
          76.4703347,
          15.3150168
        ]
      },
      "id": "way/252723635"
    },
    {
      "type": "Feature",
      "properties": {
        "@id": "way/258248652",
        "building": "yes",
        "historic": "ruins",
        "@geometry": "center"
      },
      "geometry": {
        "type": "Point",
        "coordinates": [
          76.4700918,
          15.3319855
        ]
      },
      "id": "way/258248652"
    },
    {
      "type": "Feature",
      "properties": {
        "@id": "way/258248654",
        "amenity": "place_of_worship",
        "building": "yes",
        "name": "Achyutaraya Temple",
        "name:kn": "ಅಚ್ಯುತರಾಯ ದೇವಸ್ಥಾನ",
        "religion": "hindu",
        "@geometry": "center"
      },
      "geometry": {
        "type": "Point",
        "coordinates": [
          76.4700879,
          15.3319603
        ]
      },
      "id": "way/258248654"
    },
    {
      "type": "Feature",
      "properties": {
        "@id": "way/258248658",
        "building": "yes",
        "historic": "ruins",
        "@geometry": "center"
      },
      "geometry": {
        "type": "Point",
        "coordinates": [
          76.4700986,
          15.3319782
        ]
      },
      "id": "way/258248658"
    },
    {
      "type": "Feature",
      "properties": {
        "@id": "way/258249164",
        "building": "yes",
        "historic": "building",
        "@geometry": "center"
      },
      "geometry": {
        "type": "Point",
        "coordinates": [
          76.4757099,
          15.3420023
        ]
      },
      "id": "way/258249164"
    },
    {
      "type": "Feature",
      "properties": {
        "@id": "way/258249165",
        "building": "yes",
        "historic": "building",
        "@geometry": "center"
      },
      "geometry": {
        "type": "Point",
        "coordinates": [
          76.4753408,
          15.3422554
        ]
      },
      "id": "way/258249165"
    },
    {
      "type": "Feature",
      "properties": {
        "@id": "way/258249168",
        "building": "yes",
        "historic": "building",
        "@geometry": "center"
      },
      "geometry": {
        "type": "Point",
        "coordinates": [
          76.4749073,
          15.3425473
        ]
      },
      "id": "way/258249168"
    },
    {
      "type": "Feature",
      "properties": {
        "@id": "way/258249169",
        "building": "yes",
        "historic": "building",
        "note": "Musical pillars",
        "@geometry": "center"
      },
      "geometry": {
        "type": "Point",
        "coordinates": [
          76.4750758,
          15.3419203
        ]
      },
      "id": "way/258249169"
    },
    {
      "type": "Feature",
      "properties": {
        "@id": "way/310123667",
        "leisure": "park",
        "name": "Raghavendra Swamy Park",
        "name:kn": "ರಾಘವೇಂದ್ರ ಸ್ವಾಮಿ ಉದ್ಯಾನವನ",
        "@geometry": "center"
      },
      "geometry": {
        "type": "Point",
        "coordinates": [
          76.936259,
          15.1472893
        ]
      },
      "id": "way/310123667"
    },
    {
      "type": "Feature",
      "properties": {
        "@id": "way/310123678",
        "leisure": "park",
        "name": "Patel Nagar Park",
        "name:kn": "ಪಟೇಲ್ ನಗರ ಉದ್ಯಾನವನ",
        "@geometry": "center"
      },
      "geometry": {
        "type": "Point",
        "coordinates": [
          76.9414776,
          15.1454128
        ]
      },
      "id": "way/310123678"
    },
    {
      "type": "Feature",
      "properties": {
        "@id": "way/310177070",
        "leisure": "park",
        "name": "Nagaruru Narayana Rao Park",
        "name:kn": "ನಗರೂರು ನಾರಾಯಣ ರಾವ್ ಉದ್ಯಾನವನ",
        "@geometry": "center"
      },
      "geometry": {
        "type": "Point",
        "coordinates": [
          76.9199651,
          15.1400287
        ]
      },
      "id": "way/310177070"
    },
    {
      "type": "Feature",
      "properties": {
        "@id": "way/310251482",
        "leisure": "park",
        "name": "Sriramulu Park",
        "name:kn": "ಶ್ರೀರಾಮುಲು ಉದ್ಯಾನವನ",
        "@geometry": "center"
      },
      "geometry": {
        "type": "Point",
        "coordinates": [
          76.389546,
          15.2781888
        ]
      },
      "id": "way/310251482"
    },
    {
      "type": "Feature",
      "properties": {
        "@id": "way/310321457",
        "leisure": "park",
        "name": "Chakravanah Park",
        "@geometry": "center"
      },
      "geometry": {
        "type": "Point",
        "coordinates": [
          76.3498152,
          15.2648946
        ]
      },
      "id": "way/310321457"
    },
    {
      "type": "Feature",
      "properties": {
        "@id": "way/310986777",
        "leisure": "park",
        "name": "T B Board Garden",
        "@geometry": "center"
      },
      "geometry": {
        "type": "Point",
        "coordinates": [
          76.341275,
          15.2640377
        ]
      },
      "id": "way/310986777"
    },
    {
      "type": "Feature",
      "properties": {
        "@id": "way/310995948",
        "addr:city": "Hosapete",
        "addr:postcode": "583203",
        "leisure": "park",
        "name": "ABCD Park",
        "operator": "T.B. Board",
        "@geometry": "center"
      },
      "geometry": {
        "type": "Point",
        "coordinates": [
          76.3509625,
          15.2632247
        ]
      },
      "id": "way/310995948"
    },
    {
      "type": "Feature",
      "properties": {
        "@id": "way/311237623",
        "leisure": "park",
        "@geometry": "center"
      },
      "geometry": {
        "type": "Point",
        "coordinates": [
          76.3745296,
          15.1718353
        ]
      },
      "id": "way/311237623"
    },
    {
      "type": "Feature",
      "properties": {
        "@id": "way/313424587",
        "leisure": "park",
        "name": "Muneer Park",
        "@geometry": "center"
      },
      "geometry": {
        "type": "Point",
        "coordinates": [
          76.3787731,
          15.2641185
        ]
      },
      "id": "way/313424587"
    },
    {
      "type": "Feature",
      "properties": {
        "@id": "node/313796401",
        "barrier": "sally_port",
        "historic": "city_gate",
        "name": "Talarigatta Gate",
        "name:kn": "ತಲಾರಿಘಟ್ಟವ ಹೆಬ್ಬಾಗಿಳು",
        "ruins": "yes"
      },
      "geometry": {
        "type": "Point",
        "coordinates": [
          76.4862913,
          15.3366463
        ]
      },
      "id": "node/313796401"
    },
    {
      "type": "Feature",
      "properties": {
        "@id": "way/327074938",
        "building": "yes",
        "historic": "yes",
        "@geometry": "center"
      },
      "geometry": {
        "type": "Point",
        "coordinates": [
          76.4304401,
          15.2853571
        ]
      },
      "id": "way/327074938"
    },
    {
      "type": "Feature",
      "properties": {
        "@id": "way/327074941",
        "building": "yes",
        "historic": "yes",
        "@geometry": "center"
      },
      "geometry": {
        "type": "Point",
        "coordinates": [
          76.4263968,
          15.2834055
        ]
      },
      "id": "way/327074941"
    },
    {
      "type": "Feature",
      "properties": {
        "@id": "way/338585785",
        "amenity": "place_of_worship",
        "building": "yes",
        "denomination": "hindu",
        "name": "Kadalekalu Ganesha",
        "name:kn": "ಕಡಲೆಕಾಳು ಗಣೇಶ",
        "name:ru": "Большой Ганеша",
        "religion": "hindu",
        "wheelchair": "no",
        "@geometry": "center"
      },
      "geometry": {
        "type": "Point",
        "coordinates": [
          76.4611581,
          15.3328544
        ]
      },
      "id": "way/338585785"
    },
    {
      "type": "Feature",
      "properties": {
        "@id": "way/338585794",
        "name": "Stone Chariot",
        "name:en": "Stone Chariot",
        "name:kn": "ಗರುಡ ರಥ",
        "name:ru": "Колесница",
        "tourism": "attraction",
        "@geometry": "center"
      },
      "geometry": {
        "type": "Point",
        "coordinates": [
          76.4758983,
          15.342256
        ]
      },
      "id": "way/338585794"
    },
    {
      "type": "Feature",
      "properties": {
        "@id": "node/339933894",
        "historic": "ruins",
        "name": "Guards' Barracks"
      },
      "geometry": {
        "type": "Point",
        "coordinates": [
          76.4696198,
          15.3149215
        ]
      },
      "id": "node/339933894"
    },
    {
      "type": "Feature",
      "properties": {
        "@id": "node/339933896",
        "historic": "ruins",
        "name": "Underground Chamber"
      },
      "geometry": {
        "type": "Point",
        "coordinates": [
          76.4699225,
          15.315909
        ]
      },
      "id": "node/339933896"
    },
    {
      "type": "Feature",
      "properties": {
        "@id": "node/339934121",
        "historic": "ruins",
        "name": "Horse Stables",
        "name:kn": "ಕುದುರೆ ಕೊಟ್ಟಿಗೆ"
      },
      "geometry": {
        "type": "Point",
        "coordinates": [
          76.469756,
          15.3174241
        ]
      },
      "id": "node/339934121"
    },
    {
      "type": "Feature",
      "properties": {
        "@id": "node/340354760",
        "ele": "489",
        "name": "Matanga Hill",
        "name:kn": "ಮಾತಂಗ ಬೆಟ್ಟ",
        "natural": "peak",
        "wikidata": "Q123416595",
        "wikipedia": "en:Matanga Hill"
      },
      "geometry": {
        "type": "Point",
        "coordinates": [
          76.4683843,
          15.3315694
        ]
      },
      "id": "node/340354760"
    },
    {
      "type": "Feature",
      "properties": {
        "@id": "node/340354825",
        "name": "Hemakuta",
        "name:kn": "ಹೇಮಕೂಟ",
        "natural": "peak"
      },
      "geometry": {
        "type": "Point",
        "coordinates": [
          76.4602971,
          15.332915
        ]
      },
      "id": "node/340354825"
    },
    {
      "type": "Feature",
      "properties": {
        "@id": "node/340354874",
        "name": "Gandhamadana",
        "name:kn": "ಗಂಧಮಾದನ",
        "natural": "peak"
      },
      "geometry": {
        "type": "Point",
        "coordinates": [
          76.4739034,
          15.3368623
        ]
      },
      "id": "node/340354874"
    },
    {
      "type": "Feature",
      "properties": {
        "@id": "node/340355670",
        "barrier": "wall",
        "name": "Malayavanta",
        "name:kn": "ಮಲಯವಂತ ಬೆಟ್ಟ",
        "natural": "peak"
      },
      "geometry": {
        "type": "Point",
        "coordinates": [
          76.4884632,
          15.3247311
        ]
      },
      "id": "node/340355670"
    },
    {
      "type": "Feature",
      "properties": {
        "@id": "node/340356076",
        "historic": "archaeological_site",
        "name": "Chakra Tirtha",
        "name:kn": "ಚಕ್ರ ತೀರ್ಥ"
      },
      "geometry": {
        "type": "Point",
        "coordinates": [
          76.4678475,
          15.3361789
        ]
      },
      "id": "node/340356076"
    },
    {
      "type": "Feature",
      "properties": {
        "@id": "node/340364826",
        "alt_name": "Rishya mukha hill",
        "name": "Rushyamuka hill",
        "name:kn": "ಋಷ್ಯಮೂಕ",
        "natural": "peak",
        "note": "Rushyamuka for local pronunciation.",
        "old_name": "Rishyamuka hill"
      },
      "geometry": {
        "type": "Point",
        "coordinates": [
          76.4667334,
          15.3407616
        ]
      },
      "id": "node/340364826"
    },
    {
      "type": "Feature",
      "properties": {
        "@id": "node/340371584",
        "historic": "ruins",
        "name": "Bhojanasala",
        "name:kn": "ಭೋಜನಶಾಲೆ"
      },
      "geometry": {
        "type": "Point",
        "coordinates": [
          76.4686333,
          15.3138568
        ]
      },
      "id": "node/340371584"
    },
    {
      "type": "Feature",
      "properties": {
        "@id": "node/344370897",
        "amenity": "place_of_worship",
        "name": "Vishnupada Gudi",
        "name:kn": "ವಿಷ್ಣುಪದ ಗುಡಿ",
        "religion": "hindu"
      },
      "geometry": {
        "type": "Point",
        "coordinates": [
          76.4601559,
          15.331174
        ]
      },
      "id": "node/344370897"
    },
    {
      "type": "Feature",
      "properties": {
        "@id": "way/347191026",
        "addr:city": "Bellary",
        "addr:postcode": "583103",
        "addr:street": "Parvathi Nagar Main Road",
        "amenity": "place_of_worship",
        "building": "yes",
        "name": "Durgamma Temple",
        "name:kn": "ದುರ್ಗಮ್ಮ ದೇವಸ್ಥಾನ",
        "religion": "hindu",
        "source": "yahoo",
        "@geometry": "center"
      },
      "geometry": {
        "type": "Point",
        "coordinates": [
          76.9298546,
          15.1518705
        ]
      },
      "id": "way/347191026"
    },
    {
      "type": "Feature",
      "properties": {
        "@id": "way/348359738",
        "name": "Basavanakunte",
        "name:kn": "ಬಸವನಕುಂಟೆ",
        "natural": "water",
        "water": "pond",
        "@geometry": "center"
      },
      "geometry": {
        "type": "Point",
        "coordinates": [
          76.9194999,
          15.1484758
        ]
      },
      "id": "way/348359738"
    },
    {
      "type": "Feature",
      "properties": {
        "@id": "way/348686821",
        "leisure": "park",
        "name": "Layout Park",
        "@geometry": "center"
      },
      "geometry": {
        "type": "Point",
        "coordinates": [
          76.9501164,
          15.1597652
        ]
      },
      "id": "way/348686821"
    },
    {
      "type": "Feature",
      "properties": {
        "@id": "way/348686904",
        "leisure": "park",
        "@geometry": "center"
      },
      "geometry": {
        "type": "Point",
        "coordinates": [
          76.9510461,
          15.1593751
        ]
      },
      "id": "way/348686904"
    },
    {
      "type": "Feature",
      "properties": {
        "@id": "way/349622015",
        "amenity": "place_of_worship",
        "landuse": "religious",
        "name": "Shiva Devasthana",
        "name:kn": "ಶಿವ ದೇವಸ್ಥಾನ",
        "religion": "hindu",
        "@geometry": "center"
      },
      "geometry": {
        "type": "Point",
        "coordinates": [
          76.9436659,
          15.1548874
        ]
      },
      "id": "way/349622015"
    },
    {
      "type": "Feature",
      "properties": {
        "@id": "way/349763485",
        "artwork_type": "sculpture",
        "name": "Durga Devi",
        "name:kn": "ದುರ್ಗಾದೇವಿ",
        "tourism": "artwork",
        "@geometry": "center"
      },
      "geometry": {
        "type": "Point",
        "coordinates": [
          76.9296305,
          15.1510961
        ]
      },
      "id": "way/349763485"
    },
    {
      "type": "Feature",
      "properties": {
        "@id": "way/349766528",
        "amenity": "place_of_worship",
        "building": "yes",
        "name": "Anjaneya Devasthana",
        "name:kn": "ಆಂಜನೇಯ ದೇವಸ್ಥಾನ",
        "religion": "hindu",
        "@geometry": "center"
      },
      "geometry": {
        "type": "Point",
        "coordinates": [
          76.9397026,
          15.1569251
        ]
      },
      "id": "way/349766528"
    },
    {
      "type": "Feature",
      "properties": {
        "@id": "way/349793419",
        "addr:city": "Ballari",
        "addr:street": "Nehru Colony 2nd Cross",
        "leisure": "park",
        "name": "Nehru Colony Park",
        "@geometry": "center"
      },
      "geometry": {
        "type": "Point",
        "coordinates": [
          76.9409957,
          15.1527305
        ]
      },
      "id": "way/349793419"
    },
    {
      "type": "Feature",
      "properties": {
        "@id": "way/349796118",
        "leisure": "park",
        "name": "Renukacharyanagar Park",
        "name:kn": "ರೇಣುಕಾಚಾರ್ಯ ನಗರ ಉದ್ಯಾನವನ",
        "@geometry": "center"
      },
      "geometry": {
        "type": "Point",
        "coordinates": [
          76.9465418,
          15.1552317
        ]
      },
      "id": "way/349796118"
    },
    {
      "type": "Feature",
      "properties": {
        "@id": "way/349809567",
        "addr:city": "Ballari",
        "addr:postcode": "583103",
        "addr:street": "Tekur Subramanya Raste",
        "amenity": "place_of_worship",
        "landuse": "religious",
        "name": "Ganesha Devasthana",
        "name:kn": "ಗಣೇಶ ದೇವಸ್ಥಾನ",
        "religion": "hindu",
        "@geometry": "center"
      },
      "geometry": {
        "type": "Point",
        "coordinates": [
          76.9431185,
          15.1580068
        ]
      },
      "id": "way/349809567"
    },
    {
      "type": "Feature",
      "properties": {
        "@id": "way/349857721",
        "area": "yes",
        "leisure": "water_park",
        "name": "Aqua Fun",
        "@geometry": "center"
      },
      "geometry": {
        "type": "Point",
        "coordinates": [
          76.8194415,
          15.1813818
        ]
      },
      "id": "way/349857721"
    },
    {
      "type": "Feature",
      "properties": {
        "@id": "way/349860778",
        "leisure": "park",
        "name": "Gandhinagar Park",
        "name:kn": "ಗಾಂಧಿನಗರ ಉದ್ಯಾನವನ",
        "@geometry": "center"
      },
      "geometry": {
        "type": "Point",
        "coordinates": [
          76.9327485,
          15.1526368
        ]
      },
      "id": "way/349860778"
    },
    {
      "type": "Feature",
      "properties": {
        "@id": "way/349862013",
        "addr:city": "Ballari",
        "addr:street": "Sri Ramakrishna Vivekananda Rd",
        "amenity": "place_of_worship",
        "building": "yes",
        "name": "Sri Ramakrishna Ashrama",
        "name:kn": "ರಾಮಕೃಷ್ಣ ಅಶ್ರಮ",
        "religion": "hindu",
        "@geometry": "center"
      },
      "geometry": {
        "type": "Point",
        "coordinates": [
          76.9400258,
          15.1542475
        ]
      },
      "id": "way/349862013"
    },
    {
      "type": "Feature",
      "properties": {
        "@id": "way/350795129",
        "amenity": "place_of_worship",
        "name": "Maramma Temple",
        "name:kn": "ಮಾರಮ್ಮ ದೇವಸ್ಥಾನ",
        "religion": "hindu",
        "@geometry": "center"
      },
      "geometry": {
        "type": "Point",
        "coordinates": [
          76.9130211,
          15.1538484
        ]
      },
      "id": "way/350795129"
    },
    {
      "type": "Feature",
      "properties": {
        "@id": "way/350795502",
        "amenity": "place_of_worship",
        "name": "Kumaraswamy Temple",
        "name:kn": "ಕುಮಾರಸ್ವಾಮಿ ದೇವಸ್ಥಾನ",
        "religion": "hindu",
        "@geometry": "center"
      },
      "geometry": {
        "type": "Point",
        "coordinates": [
          76.9135743,
          15.1536967
        ]
      },
      "id": "way/350795502"
    },
    {
      "type": "Feature",
      "properties": {
        "@id": "way/351477270",
        "leisure": "park",
        "name": "AB Vajapayee Park",
        "@geometry": "center"
      },
      "geometry": {
        "type": "Point",
        "coordinates": [
          76.9496338,
          15.164366
        ]
      },
      "id": "way/351477270"
    },
    {
      "type": "Feature",
      "properties": {
        "@id": "way/351487489",
        "amenity": "place_of_worship",
        "building": "yes",
        "name": "Ayyappa Temple",
        "name:kn": "ಅಯ್ಯಪ್ಪ ದೇವಸ್ಥಾನ",
        "religion": "hindu",
        "@geometry": "center"
      },
      "geometry": {
        "type": "Point",
        "coordinates": [
          76.9497772,
          15.1421176
        ]
      },
      "id": "way/351487489"
    },
    {
      "type": "Feature",
      "properties": {
        "@id": "way/351487735",
        "leisure": "park",
        "@geometry": "center"
      },
      "geometry": {
        "type": "Point",
        "coordinates": [
          76.9490771,
          15.1442235
        ]
      },
      "id": "way/351487735"
    },
    {
      "type": "Feature",
      "properties": {
        "@id": "way/351487946",
        "leisure": "park",
        "name": "Raghavendra Colony Park",
        "@geometry": "center"
      },
      "geometry": {
        "type": "Point",
        "coordinates": [
          76.9519911,
          15.1466088
        ]
      },
      "id": "way/351487946"
    },
    {
      "type": "Feature",
      "properties": {
        "@id": "way/351493306",
        "leisure": "park",
        "@geometry": "center"
      },
      "geometry": {
        "type": "Point",
        "coordinates": [
          76.9403337,
          15.1589087
        ]
      },
      "id": "way/351493306"
    },
    {
      "type": "Feature",
      "properties": {
        "@id": "way/351497062",
        "leisure": "park",
        "name": "Radio Park",
        "@geometry": "center"
      },
      "geometry": {
        "type": "Point",
        "coordinates": [
          76.9031619,
          15.1430758
        ]
      },
      "id": "way/351497062"
    },
    {
      "type": "Feature",
      "properties": {
        "@id": "way/351497677",
        "addr:city": "Ballari",
        "addr:postcode": "583104",
        "addr:street": "Old Trunk Road",
        "name": "Ballari Zoo",
        "name:kn": "ಮೃಗಾಲಯ",
        "opening_hours": "10:00-18:00",
        "operator": "Govt Of Karnataka",
        "tourism": "zoo",
        "@geometry": "center"
      },
      "geometry": {
        "type": "Point",
        "coordinates": [
          76.9032798,
          15.1446645
        ]
      },
      "id": "way/351497677"
    },
    {
      "type": "Feature",
      "properties": {
        "@id": "way/354331310",
        "addr:street": "SNPet 1st Cross",
        "amenity": "place_of_worship",
        "building": "yes",
        "name": "Sri Raghavendra Swamy Mutt",
        "name:kn": "ರಾಘವೇಂದ್ರ ಸ್ವಾಮಿ ಮಠ",
        "religion": "hindu",
        "source": "yahoo",
        "@geometry": "center"
      },
      "geometry": {
        "type": "Point",
        "coordinates": [
          76.9369602,
          15.1472008
        ]
      },
      "id": "way/354331310"
    },
    {
      "type": "Feature",
      "properties": {
        "@id": "way/356052213",
        "addr:city": "Nemakallu",
        "amenity": "place_of_worship",
        "building": "yes",
        "name": "Nemakallu Sri Anjaneya Devasthana",
        "religion": "hindu",
        "@geometry": "center"
      },
      "geometry": {
        "type": "Point",
        "coordinates": [
          76.934806,
          15.0129994
        ]
      },
      "id": "way/356052213"
    },
    {
      "type": "Feature",
      "properties": {
        "@id": "way/356052243",
        "amenity": "place_of_worship",
        "building": "yes",
        "name": "Sri Rama Devasthana",
        "name:kn": "ಶ್ರೀ ರಾಮ ದೇವಸ್ಥಾನ",
        "religion": "hindu",
        "@geometry": "center"
      },
      "geometry": {
        "type": "Point",
        "coordinates": [
          76.9349278,
          15.0126441
        ]
      },
      "id": "way/356052243"
    },
    {
      "type": "Feature",
      "properties": {
        "@id": "way/359609800",
        "amenity": "place_of_worship",
        "building": "yes",
        "name": "Venkateshwara Temple",
        "name:kn": "ವೆಂಕಟೇಶ್ವರ ದೇವಸ್ಥಾನ",
        "religion": "hindu",
        "source": "yahoo",
        "@geometry": "center"
      },
      "geometry": {
        "type": "Point",
        "coordinates": [
          76.9335497,
          15.146876
        ]
      },
      "id": "way/359609800"
    },
    {
      "type": "Feature",
      "properties": {
        "@id": "way/359833583",
        "leisure": "park",
        "name": "Dr Rajkumar Park",
        "name:etymology:wikidata": "Q984634",
        "name:kn": "ರಾಜಕುಮಾರ್ ಉದ್ಯಾನವನ",
        "@geometry": "center"
      },
      "geometry": {
        "type": "Point",
        "coordinates": [
          76.9262547,
          15.1462602
        ]
      },
      "id": "way/359833583"
    },
    {
      "type": "Feature",
      "properties": {
        "@id": "way/361867894",
        "amenity": "place_of_worship",
        "building": "yes",
        "name": "Masjid",
        "name:kn": "ಮಸೀದಿ",
        "religion": "muslim",
        "@geometry": "center"
      },
      "geometry": {
        "type": "Point",
        "coordinates": [
          76.89613,
          15.1479091
        ]
      },
      "id": "way/361867894"
    },
    {
      "type": "Feature",
      "properties": {
        "@id": "way/361869738",
        "leisure": "park",
        "name": "Cantonment Park",
        "@geometry": "center"
      },
      "geometry": {
        "type": "Point",
        "coordinates": [
          76.8966751,
          15.1493804
        ]
      },
      "id": "way/361869738"
    },
    {
      "type": "Feature",
      "properties": {
        "@id": "way/361869947",
        "leisure": "park",
        "@geometry": "center"
      },
      "geometry": {
        "type": "Point",
        "coordinates": [
          76.8978621,
          15.1503217
        ]
      },
      "id": "way/361869947"
    },
    {
      "type": "Feature",
      "properties": {
        "@id": "way/361919448",
        "leisure": "park",
        "name": "Dr. Vishnuvardhan Park",
        "name:etymology:wikidata": "Q2097394",
        "name:kn": "ಡಾ.ವಿಷ್ಣುವರ್ಧನ ಉದ್ಯಾನವನ",
        "@geometry": "center"
      },
      "geometry": {
        "type": "Point",
        "coordinates": [
          76.8847542,
          15.1514184
        ]
      },
      "id": "way/361919448"
    },
    {
      "type": "Feature",
      "properties": {
        "@id": "way/361919658",
        "leisure": "park",
        "@geometry": "center"
      },
      "geometry": {
        "type": "Point",
        "coordinates": [
          76.8882698,
          15.1444014
        ]
      },
      "id": "way/361919658"
    },
    {
      "type": "Feature",
      "properties": {
        "@id": "way/362081884",
        "leisure": "park",
        "@geometry": "center"
      },
      "geometry": {
        "type": "Point",
        "coordinates": [
          76.8895014,
          15.1475571
        ]
      },
      "id": "way/362081884"
    },
    {
      "type": "Feature",
      "properties": {
        "@id": "way/362082455",
        "leisure": "park",
        "@geometry": "center"
      },
      "geometry": {
        "type": "Point",
        "coordinates": [
          76.8799872,
          15.1417938
        ]
      },
      "id": "way/362082455"
    },
    {
      "type": "Feature",
      "properties": {
        "@id": "way/362082456",
        "leisure": "park",
        "@geometry": "center"
      },
      "geometry": {
        "type": "Point",
        "coordinates": [
          76.8829746,
          15.1440456
        ]
      },
      "id": "way/362082456"
    },
    {
      "type": "Feature",
      "properties": {
        "@id": "way/362102215",
        "amenity": "place_of_worship",
        "building": "yes",
        "name": "Allipur Matha",
        "name:kn": "ಅಲ್ಲಿಪುರ ಮಠ",
        "religion": "hindu",
        "@geometry": "center"
      },
      "geometry": {
        "type": "Point",
        "coordinates": [
          76.8755391,
          15.1598592
        ]
      },
      "id": "way/362102215"
    },
    {
      "type": "Feature",
      "properties": {
        "@id": "way/363295243",
        "leisure": "park",
        "name": "Kaate Gudda Park",
        "name:kn": "ಕಾಟೆ ಗುಡ್ಡ ಉದ್ಯಾನವನ",
        "@geometry": "center"
      },
      "geometry": {
        "type": "Point",
        "coordinates": [
          76.9312899,
          15.1440543
        ]
      },
      "id": "way/363295243"
    },
    {
      "type": "Feature",
      "properties": {
        "@id": "way/363962092",
        "amenity": "place_of_worship",
        "building": "yes",
        "name": "Honnali Anjaneya Devasthana",
        "name:kn": "ಹೊನ್ನಹಳ್ಳಿ ಆಂಜನೇಯ ದೇವಸ್ಥಾನ",
        "religion": "hindu",
        "@geometry": "center"
      },
      "geometry": {
        "type": "Point",
        "coordinates": [
          76.8763914,
          15.108378
        ]
      },
      "id": "way/363962092"
    },
    {
      "type": "Feature",
      "properties": {
        "@id": "way/416432114",
        "area": "yes",
        "historic": "ruins",
        "@geometry": "center"
      },
      "geometry": {
        "type": "Point",
        "coordinates": [
          76.4641669,
          15.3178192
        ]
      },
      "id": "way/416432114"
    },
    {
      "type": "Feature",
      "properties": {
        "@id": "way/450194541",
        "amenity": "place_of_worship",
        "building": "yes",
        "name": "Virupaksha Temple",
        "name:kn": "ವಿರೂಪಾಕ್ಷ ದೇವಾಲಯ",
        "religion": "hindu",
        "wikidata": "Q2502406",
        "wikimedia_commons": "Category:Virupaksha Temple",
        "wikipedia": "en:Virupaksha Temple",
        "@geometry": "center"
      },
      "geometry": {
        "type": "Point",
        "coordinates": [
          76.4586822,
          15.3351712
        ]
      },
      "id": "way/450194541"
    },
    {
      "type": "Feature",
      "properties": {
        "@id": "way/450527607",
        "amenity": "place_of_worship",
        "building": "yes",
        "name": "Rajachandra Jain Ashram",
        "religion": "jain",
        "@geometry": "center"
      },
      "geometry": {
        "type": "Point",
        "coordinates": [
          76.4654363,
          15.3313408
        ]
      },
      "id": "way/450527607"
    },
    {
      "type": "Feature",
      "properties": {
        "@id": "way/450527614",
        "amenity": "place_of_worship",
        "building": "yes",
        "name": "Ragalingeshwara Temple",
        "name:kn": "ರಾಗ ಲಿಂಗೇಶ್ವರ ದೇವಸ್ಥಾನ",
        "religion": "hindu",
        "@geometry": "center"
      },
      "geometry": {
        "type": "Point",
        "coordinates": [
          76.4588017,
          15.3338812
        ]
      },
      "id": "way/450527614"
    },
    {
      "type": "Feature",
      "properties": {
        "@id": "way/450529555",
        "historic": "ruins",
        "inscription": "Inscribed Vishnu Temple",
        "@geometry": "center"
      },
      "geometry": {
        "type": "Point",
        "coordinates": [
          76.4742677,
          15.3426789
        ]
      },
      "id": "way/450529555"
    },
    {
      "type": "Feature",
      "properties": {
        "@id": "way/456755571",
        "amenity": "place_of_worship",
        "building": "yes",
        "name": "Sri Venkateshvara Temple",
        "name:kn": "ಶ್ರೀ ವೆಂಕಟೇಶ್ವರ ದೇವಸ್ಥಾನ",
        "religion": "hindu",
        "@geometry": "center"
      },
      "geometry": {
        "type": "Point",
        "coordinates": [
          76.3742011,
          15.2705028
        ]
      },
      "id": "way/456755571"
    },
    {
      "type": "Feature",
      "properties": {
        "@id": "way/456871293",
        "amenity": "place_of_worship",
        "building": "yes",
        "name": "Chintamani Matha",
        "name:kn": "ಚಿಂತಾಮಣಿ ಮಠ",
        "religion": "hindu",
        "@geometry": "center"
      },
      "geometry": {
        "type": "Point",
        "coordinates": [
          76.3748743,
          15.2721559
        ]
      },
      "id": "way/456871293"
    },
    {
      "type": "Feature",
      "properties": {
        "@id": "way/460425109",
        "amenity": "place_of_worship",
        "building": "yes",
        "check_date": "2025-12-20",
        "name": "Vara Durgadevi Temple",
        "name:kn": "ವರದುರ್ಗಾ ದೇವೀ ದೇವಸ್ಥಾನ",
        "religion": "hindu",
        "@geometry": "center"
      },
      "geometry": {
        "type": "Point",
        "coordinates": [
          76.4586399,
          15.3353666
        ]
      },
      "id": "way/460425109"
    },
    {
      "type": "Feature",
      "properties": {
        "@id": "way/462664168",
        "building": "yes",
        "historic": "ruins",
        "name": "King's Audience Hall",
        "@geometry": "center"
      },
      "geometry": {
        "type": "Point",
        "coordinates": [
          76.4692531,
          15.3164052
        ]
      },
      "id": "way/462664168"
    },
    {
      "type": "Feature",
      "properties": {
        "@id": "way/462664169",
        "building": "yes",
        "height": "6",
        "historic": "monument",
        "name": "Mahanavami Dibba",
        "name:kn": "ಮಹಾನವಮಿ ದಿಬ್ಬ",
        "religion": "hindu",
        "tourism": "attraction",
        "wheelchair": "no",
        "@geometry": "center"
      },
      "geometry": {
        "type": "Point",
        "coordinates": [
          76.470843,
          15.3159637
        ]
      },
      "id": "way/462664169"
    },
    {
      "type": "Feature",
      "properties": {
        "@id": "way/469351153",
        "leisure": "park",
        "name": "Pampavana Park",
        "name:kn": "ಪಂಪಾವನ",
        "@geometry": "center"
      },
      "geometry": {
        "type": "Point",
        "coordinates": [
          76.3222942,
          15.2758745
        ]
      },
      "id": "way/469351153"
    },
    {
      "type": "Feature",
      "properties": {
        "@id": "way/469351160",
        "name": "Water fountain",
        "natural": "water",
        "@geometry": "center"
      },
      "geometry": {
        "type": "Point",
        "coordinates": [
          76.3229849,
          15.2746683
        ]
      },
      "id": "way/469351160"
    },
    {
      "type": "Feature",
      "properties": {
        "@id": "way/469351163",
        "name": "Fountain",
        "natural": "water",
        "water": "intermittent",
        "@geometry": "center"
      },
      "geometry": {
        "type": "Point",
        "coordinates": [
          76.3227139,
          15.2779875
        ]
      },
      "id": "way/469351163"
    },
    {
      "type": "Feature",
      "properties": {
        "@id": "way/469355538",
        "name": "Fish Aquarium",
        "natural": "water",
        "water": "intermittent",
        "@geometry": "center"
      },
      "geometry": {
        "type": "Point",
        "coordinates": [
          76.3411272,
          15.2633093
        ]
      },
      "id": "way/469355538"
    },
    {
      "type": "Feature",
      "properties": {
        "@id": "way/469355542",
        "name": "Musical Fountain",
        "natural": "water",
        "water": "reservoir",
        "@geometry": "center"
      },
      "geometry": {
        "type": "Point",
        "coordinates": [
          76.3405599,
          15.2640492
        ]
      },
      "id": "way/469355542"
    },
    {
      "type": "Feature",
      "properties": {
        "@id": "way/568442887",
        "building": "temple",
        "historic": "temple",
        "name": "Anantashayana Gudi",
        "name:kn": "ಅನಂತಶಯನ ಗುಡಿ",
        "name:kn:iso15919": "Anaṁtaśayanaguḍi",
        "@geometry": "center"
      },
      "geometry": {
        "type": "Point",
        "coordinates": [
          76.4073694,
          15.2778903
        ]
      },
      "id": "way/568442887"
    },
    {
      "type": "Feature",
      "properties": {
        "@id": "way/657838093",
        "archaeological_site": "temple",
        "historic": "archaeological_site",
        "name": "Shiva Temple",
        "name:kn": "ಶಿವ ದೇವಸ್ಥಾನ",
        "@geometry": "center"
      },
      "geometry": {
        "type": "Point",
        "coordinates": [
          76.4763574,
          15.3439411
        ]
      },
      "id": "way/657838093"
    },
    {
      "type": "Feature",
      "properties": {
        "@id": "way/657838094",
        "archaeological_site": "temple",
        "historic": "archaeological_site",
        "name": "Vishnu Temple II",
        "name:kn": "ವಿಷ್ಣು ದೇವಸ್ಥಾನ",
        "@geometry": "center"
      },
      "geometry": {
        "type": "Point",
        "coordinates": [
          76.4708157,
          15.3364322
        ]
      },
      "id": "way/657838094"
    },
    {
      "type": "Feature",
      "properties": {
        "@id": "way/657844777",
        "archaeological_site": "temple",
        "historic": "archaeological_site",
        "@geometry": "center"
      },
      "geometry": {
        "type": "Point",
        "coordinates": [
          76.4711842,
          15.3367992
        ]
      },
      "id": "way/657844777"
    },
    {
      "type": "Feature",
      "properties": {
        "@id": "way/657844779",
        "archaeological_site": "temple",
        "historic": "archaeological_site",
        "@geometry": "center"
      },
      "geometry": {
        "type": "Point",
        "coordinates": [
          76.4878142,
          15.3244726
        ]
      },
      "id": "way/657844779"
    },
    {
      "type": "Feature",
      "properties": {
        "@id": "way/657844780",
        "historic": "archaeological_site",
        "@geometry": "center"
      },
      "geometry": {
        "type": "Point",
        "coordinates": [
          76.467298,
          15.3170188
        ]
      },
      "id": "way/657844780"
    },
    {
      "type": "Feature",
      "properties": {
        "@id": "way/657844782",
        "archaeological_site": "fortification",
        "historic": "archaeological_site",
        "@geometry": "center"
      },
      "geometry": {
        "type": "Point",
        "coordinates": [
          76.4604573,
          15.329659
        ]
      },
      "id": "way/657844782"
    },
    {
      "type": "Feature",
      "properties": {
        "@id": "way/657845271",
        "archaeological_site": "temple",
        "historic": "archaeological_site",
        "name": "Shivalaya Temple",
        "name:kn": "ಶಿವಾಲಯ",
        "@geometry": "center"
      },
      "geometry": {
        "type": "Point",
        "coordinates": [
          76.4711853,
          15.3373491
        ]
      },
      "id": "way/657845271"
    },
    {
      "type": "Feature",
      "properties": {
        "@id": "way/657845272",
        "archaeological_site": "temple",
        "building": "yes",
        "historic": "archaeological_site",
        "@geometry": "center"
      },
      "geometry": {
        "type": "Point",
        "coordinates": [
          76.4591214,
          15.3323898
        ]
      },
      "id": "way/657845272"
    },
    {
      "type": "Feature",
      "properties": {
        "@id": "way/657850486",
        "historic": "ruins",
        "@geometry": "center"
      },
      "geometry": {
        "type": "Point",
        "coordinates": [
          76.4759643,
          15.3432482
        ]
      },
      "id": "way/657850486"
    },
    {
      "type": "Feature",
      "properties": {
        "@id": "way/657850487",
        "archaeological_site": "temple",
        "historic": "archaeological_site",
        "@geometry": "center"
      },
      "geometry": {
        "type": "Point",
        "coordinates": [
          76.4768446,
          15.3434597
        ]
      },
      "id": "way/657850487"
    },
    {
      "type": "Feature",
      "properties": {
        "@id": "way/657944844",
        "historic": "ruins",
        "@geometry": "center"
      },
      "geometry": {
        "type": "Point",
        "coordinates": [
          76.4666556,
          15.3181132
        ]
      },
      "id": "way/657944844"
    },
    {
      "type": "Feature",
      "properties": {
        "@id": "way/657944850",
        "historic": "ruins",
        "@geometry": "center"
      },
      "geometry": {
        "type": "Point",
        "coordinates": [
          76.4665348,
          15.3171001
        ]
      },
      "id": "way/657944850"
    },
    {
      "type": "Feature",
      "properties": {
        "@id": "way/657944852",
        "building": "yes",
        "historic": "ruins",
        "name": "Zenana",
        "@geometry": "center"
      },
      "geometry": {
        "type": "Point",
        "coordinates": [
          76.4708896,
          15.3208536
        ]
      },
      "id": "way/657944852"
    },
    {
      "type": "Feature",
      "properties": {
        "@id": "way/657944859",
        "archaeological_site": "temple",
        "historic": "archaeological_site",
        "@geometry": "center"
      },
      "geometry": {
        "type": "Point",
        "coordinates": [
          76.4742349,
          15.3204939
        ]
      },
      "id": "way/657944859"
    },
    {
      "type": "Feature",
      "properties": {
        "@id": "way/657966344",
        "historic": "ruins",
        "@geometry": "center"
      },
      "geometry": {
        "type": "Point",
        "coordinates": [
          76.4668954,
          15.3178386
        ]
      },
      "id": "way/657966344"
    },
    {
      "type": "Feature",
      "properties": {
        "@id": "node/676875271",
        "historic": "monument",
        "name": "Raghunatha Temple",
        "name:kn": "ರಘುನಾಥ ದೇವಸ್ಧಾನ",
        "name:ru": "храм. закат 1 день"
      },
      "geometry": {
        "type": "Point",
        "coordinates": [
          76.4878101,
          15.3245174
        ]
      },
      "id": "node/676875271"
    },
    {
      "type": "Feature",
      "properties": {
        "@id": "node/676875322",
        "historic": "monument",
        "name": "King's Balance",
        "tourism": "attraction"
      },
      "geometry": {
        "type": "Point",
        "coordinates": [
          76.4742222,
          15.3409232
        ]
      },
      "id": "node/676875322"
    },
    {
      "type": "Feature",
      "properties": {
        "@id": "way/688715198",
        "highway": "path",
        "historic": "ruins",
        "name": "Krishna Bazaar",
        "name:kn": "ಕೃಷ್ಣ ಬಜಾರ್",
        "@geometry": "center"
      },
      "geometry": {
        "type": "Point",
        "coordinates": [
          76.4634222,
          15.329835
        ]
      },
      "id": "way/688715198"
    },
    {
      "type": "Feature",
      "properties": {
        "@id": "way/688715202",
        "building": "yes",
        "historic": "ruins",
        "name": "Octagonal Water Pavilion",
        "name:kn": "ಪುಷ್ಕರಿಣಿ",
        "@geometry": "center"
      },
      "geometry": {
        "type": "Point",
        "coordinates": [
          76.4678928,
          15.3142971
        ]
      },
      "id": "way/688715202"
    },
    {
      "type": "Feature",
      "properties": {
        "@id": "node/707020711",
        "fee": "yes",
        "name": "Archaelogical Museum",
        "name:kn": "ಕಮಲಾಪುರ ಪ್ರಾಚ್ಯವಸ್ತು ಸಂಗ್ರಹಾಲಯ",
        "opening_hours": "Sa-Th 09:00-17:00",
        "tourism": "museum",
        "wheelchair": "yes"
      },
      "geometry": {
        "type": "Point",
        "coordinates": [
          76.4772089,
          15.3073753
        ]
      },
      "id": "node/707020711"
    },
    {
      "type": "Feature",
      "properties": {
        "@id": "node/707020721",
        "amenity": "place_of_worship",
        "name": "Pattabhirama Temple",
        "name:kn": "ಪಟ್ಟಾಭಿರಾಮ ದೇವಸ್ಥಾನ",
        "religion": "hindu"
      },
      "geometry": {
        "type": "Point",
        "coordinates": [
          76.482676,
          15.3056864
        ]
      },
      "id": "node/707020721"
    },
    {
      "type": "Feature",
      "properties": {
        "@id": "way/762571530",
        "amenity": "place_of_worship",
        "check_date": "2025-02-16",
        "name": "Kodanda Rama Temple",
        "name:kn": "ಕೋದಂಡರಾಮ ದೇವಸ್ಥಾನ",
        "note": "Previously listed as Yantrodhana Anjaneya Temple",
        "religion": "hindu",
        "@geometry": "center"
      },
      "geometry": {
        "type": "Point",
        "coordinates": [
          76.4678144,
          15.3358414
        ]
      },
      "id": "way/762571530"
    },
    {
      "type": "Feature",
      "properties": {
        "@id": "way/762571531",
        "building": "ruins",
        "historic": "yes",
        "name": "Varaha (Saiva) Temple",
        "name:en": "Varaha (Saiva) Temple",
        "name:kn": "ವರಾಹ ಗುಡಿ",
        "@geometry": "center"
      },
      "geometry": {
        "type": "Point",
        "coordinates": [
          76.469786,
          15.3361949
        ]
      },
      "id": "way/762571531"
    },
    {
      "type": "Feature",
      "properties": {
        "@id": "way/809919927",
        "historic": "ruins",
        "name": "Ruined bridge",
        "note": "Ruins of medieval stone bridge",
        "@geometry": "center"
      },
      "geometry": {
        "type": "Point",
        "coordinates": [
          76.4710272,
          15.3415596
        ]
      },
      "id": "way/809919927"
    },
    {
      "type": "Feature",
      "properties": {
        "@id": "way/823174016",
        "access": "yes",
        "alt_name": "Old Hampi",
        "archaeological_site": "city",
        "area": "yes",
        "historic": "archaeological_site",
        "historic:civilization": "medieval",
        "inscription": "A UNESCO World Heritage Site since 1986",
        "is_in:state": "Karnataka",
        "name": "Group of Monuments at Hampi",
        "name:ar": "مجموعة من المعالم الأثرية في هامبي",
        "name:de": "Gruppe von Denkmälern in Hampi",
        "name:el": "Ομάδα Μνημείων στο Χαμπί",
        "name:es": "Grupo de Monumentos en Hampi",
        "name:fr": "Groupe de monuments à Hampi",
        "name:he": "קבוצת אנדרטאות בהאמפי",
        "name:kn": "ಹಂಪಿಯಲ್ಲಿರುವ ಸ್ಮಾರಕಗಳ ಸಮೂಹ",
        "name:ml": "ഹംപിയിലെ സ്മാരകങ്ങളുടെ കൂട്ടം",
        "name:ru": "Группа памятников в Хампи",
        "name:te": "హంపి వద్ద స్మారక కట్టడాలు",
        "name:zh": "亨比古迹群",
        "tourism": "attraction",
        "wikidata": "Q26732",
        "wikipedia": "en:Hampi",
        "@geometry": "center"
      },
      "geometry": {
        "type": "Point",
        "coordinates": [
          76.4705191,
          15.3289278
        ]
      },
      "id": "way/823174016"
    },
    {
      "type": "Feature",
      "properties": {
        "@id": "way/904591767",
        "leisure": "park",
        "name": "Hazrat Tipu Sultan Public Park",
        "name:etymology:wikidata": "Q10088",
        "@geometry": "center"
      },
      "geometry": {
        "type": "Point",
        "coordinates": [
          76.8963187,
          15.13801
        ]
      },
      "id": "way/904591767"
    },
    {
      "type": "Feature",
      "properties": {
        "@id": "way/904591945",
        "leisure": "park",
        "name": "Ex-Serviceman Colony Park",
        "@geometry": "center"
      },
      "geometry": {
        "type": "Point",
        "coordinates": [
          76.8960063,
          15.1366985
        ]
      },
      "id": "way/904591945"
    },
    {
      "type": "Feature",
      "properties": {
        "@id": "way/904603685",
        "amenity": "place_of_worship",
        "building": "yes",
        "name": "Christian Brethren Assembly",
        "religion": "christian",
        "@geometry": "center"
      },
      "geometry": {
        "type": "Point",
        "coordinates": [
          76.9178985,
          15.1465976
        ]
      },
      "id": "way/904603685"
    },
    {
      "type": "Feature",
      "properties": {
        "@id": "way/904605114",
        "leisure": "park",
        "name": "Fort Park",
        "name:ur": "فورٹ پارک",
        "@geometry": "center"
      },
      "geometry": {
        "type": "Point",
        "coordinates": [
          76.9178086,
          15.1441861
        ]
      },
      "id": "way/904605114"
    },
    {
      "type": "Feature",
      "properties": {
        "@id": "way/929126668",
        "building": "yes",
        "historic": "building",
        "@geometry": "center"
      },
      "geometry": {
        "type": "Point",
        "coordinates": [
          76.4602404,
          15.3297659
        ]
      },
      "id": "way/929126668"
    },
    {
      "type": "Feature",
      "properties": {
        "@id": "way/929142791",
        "building": "yes",
        "historic": "building",
        "ruins": "yes",
        "@geometry": "center"
      },
      "geometry": {
        "type": "Point",
        "coordinates": [
          76.4606936,
          15.3325433
        ]
      },
      "id": "way/929142791"
    },
    {
      "type": "Feature",
      "properties": {
        "@id": "way/929175472",
        "historic": "ruins",
        "@geometry": "center"
      },
      "geometry": {
        "type": "Point",
        "coordinates": [
          76.4756876,
          15.3155279
        ]
      },
      "id": "way/929175472"
    },
    {
      "type": "Feature",
      "properties": {
        "@id": "way/929175473",
        "historic": "ruins",
        "@geometry": "center"
      },
      "geometry": {
        "type": "Point",
        "coordinates": [
          76.4756869,
          15.3155253
        ]
      },
      "id": "way/929175473"
    },
    {
      "type": "Feature",
      "properties": {
        "@id": "way/929180371",
        "height": "-1.5",
        "historic": "ruins",
        "name": "Public Bath",
        "name:kn": "ಸಾರ್ವಜನಿಕ ಸ್ನಾನ ಕೇಂದ್ರ",
        "@geometry": "center"
      },
      "geometry": {
        "type": "Point",
        "coordinates": [
          76.4704751,
          15.3143368
        ]
      },
      "id": "way/929180371"
    },
    {
      "type": "Feature",
      "properties": {
        "@id": "way/929201977",
        "building": "yes",
        "historic": "yes",
        "ruins": "yes",
        "@geometry": "center"
      },
      "geometry": {
        "type": "Point",
        "coordinates": [
          76.470073,
          15.3143921
        ]
      },
      "id": "way/929201977"
    },
    {
      "type": "Feature",
      "properties": {
        "@id": "way/929201978",
        "historic": "aqueduct",
        "ruins": "yes",
        "@geometry": "center"
      },
      "geometry": {
        "type": "Point",
        "coordinates": [
          76.4703842,
          15.315142
        ]
      },
      "id": "way/929201978"
    },
    {
      "type": "Feature",
      "properties": {
        "@id": "way/929201979",
        "historic": "aqueduct",
        "layer": "1",
        "ruins": "yes",
        "@geometry": "center"
      },
      "geometry": {
        "type": "Point",
        "coordinates": [
          76.4705515,
          15.3148524
        ]
      },
      "id": "way/929201979"
    },
    {
      "type": "Feature",
      "properties": {
        "@id": "way/929240195",
        "historic": "aqueduct",
        "layer": "1",
        "ruins": "yes",
        "@geometry": "center"
      },
      "geometry": {
        "type": "Point",
        "coordinates": [
          76.4711536,
          15.3151154
        ]
      },
      "id": "way/929240195"
    },
    {
      "type": "Feature",
      "properties": {
        "@id": "way/929240201",
        "height": "3.05",
        "historic": "citywalls",
        "@geometry": "center"
      },
      "geometry": {
        "type": "Point",
        "coordinates": [
          76.4709725,
          15.3162345
        ]
      },
      "id": "way/929240201"
    },
    {
      "type": "Feature",
      "properties": {
        "@id": "way/929272470",
        "alt_name": "Hazararama Temple",
        "amenity": "place_of_worship",
        "name": "Hazara Rama Temple",
        "name:alt": "Ramachandra Temple",
        "name:kn": "ಹಜಾರ ರಾಮ ದೇವಸ್ಥಾನ",
        "religion": "hindu",
        "@geometry": "center"
      },
      "geometry": {
        "type": "Point",
        "coordinates": [
          76.4688676,
          15.3178083
        ]
      },
      "id": "way/929272470"
    },
    {
      "type": "Feature",
      "properties": {
        "@id": "way/929272472",
        "historic": "citywalls",
        "@geometry": "center"
      },
      "geometry": {
        "type": "Point",
        "coordinates": [
          76.4689829,
          15.3179224
        ]
      },
      "id": "way/929272472"
    },
    {
      "type": "Feature",
      "properties": {
        "@id": "way/929275053",
        "historic": "citywalls",
        "@geometry": "center"
      },
      "geometry": {
        "type": "Point",
        "coordinates": [
          76.4685336,
          15.318236
        ]
      },
      "id": "way/929275053"
    },
    {
      "type": "Feature",
      "properties": {
        "@id": "way/929277918",
        "building": "yes",
        "historic": "yes",
        "ruins": "yes",
        "@geometry": "center"
      },
      "geometry": {
        "type": "Point",
        "coordinates": [
          76.4693853,
          15.3176639
        ]
      },
      "id": "way/929277918"
    },
    {
      "type": "Feature",
      "properties": {
        "@id": "way/929277919",
        "building": "yes",
        "historic": "yes",
        "ruins": "yes",
        "@geometry": "center"
      },
      "geometry": {
        "type": "Point",
        "coordinates": [
          76.4692342,
          15.3176553
        ]
      },
      "id": "way/929277919"
    },
    {
      "type": "Feature",
      "properties": {
        "@id": "way/931077862",
        "building": "yes",
        "historic": "building",
        "ruins": "yes",
        "@geometry": "center"
      },
      "geometry": {
        "type": "Point",
        "coordinates": [
          76.4696273,
          15.3158408
        ]
      },
      "id": "way/931077862"
    },
    {
      "type": "Feature",
      "properties": {
        "@id": "way/931077863",
        "building": "yes",
        "height": "1.1",
        "historic": "ruins",
        "name": "Plinth",
        "name:kn": "ರಾಜಪ್ರಾಂಗಣ",
        "ruins": "yes",
        "@geometry": "center"
      },
      "geometry": {
        "type": "Point",
        "coordinates": [
          76.4698542,
          15.315589
        ]
      },
      "id": "way/931077863"
    },
    {
      "type": "Feature",
      "properties": {
        "@id": "way/931092275",
        "alt_name": "Chitrangi Mahal",
        "building": "yes",
        "historic": "monument",
        "name": "Lotus Mahal",
        "name:kn": "ಪದ್ಮ ಮಹಾಲ",
        "ruins": "yes",
        "@geometry": "center"
      },
      "geometry": {
        "type": "Point",
        "coordinates": [
          76.4713947,
          15.3202841
        ]
      },
      "id": "way/931092275"
    },
    {
      "type": "Feature",
      "properties": {
        "@id": "way/931120842",
        "building": "yes",
        "description": "Pool",
        "historic": "ruins",
        "ruins": "yes",
        "@geometry": "center"
      },
      "geometry": {
        "type": "Point",
        "coordinates": [
          76.4713306,
          15.3207527
        ]
      },
      "id": "way/931120842"
    },
    {
      "type": "Feature",
      "properties": {
        "@id": "way/931120843",
        "building": "yes",
        "historic": "tower",
        "name": "Watch Tower",
        "name:kn": "ಕೋವರ",
        "ruins": "yes",
        "@geometry": "center"
      },
      "geometry": {
        "type": "Point",
        "coordinates": [
          76.470843,
          15.3214441
        ]
      },
      "id": "way/931120843"
    },
    {
      "type": "Feature",
      "properties": {
        "@id": "way/931120844",
        "building": "yes",
        "historic": "yes",
        "ruins": "yes",
        "@geometry": "center"
      },
      "geometry": {
        "type": "Point",
        "coordinates": [
          76.4707753,
          15.3214545
        ]
      },
      "id": "way/931120844"
    },
    {
      "type": "Feature",
      "properties": {
        "@id": "way/931120847",
        "building": "yes",
        "historic": "tower",
        "name": "Watch Tower",
        "name:kn": "ಕೋವರ",
        "ruins": "yes",
        "@geometry": "center"
      },
      "geometry": {
        "type": "Point",
        "coordinates": [
          76.4719306,
          15.3198608
        ]
      },
      "id": "way/931120847"
    },
    {
      "type": "Feature",
      "properties": {
        "@id": "way/931120848",
        "building": "yes",
        "historic": "ruins",
        "name": "Water Pavilion",
        "ruins": "yes",
        "@geometry": "center"
      },
      "geometry": {
        "type": "Point",
        "coordinates": [
          76.4706453,
          15.320229
        ]
      },
      "id": "way/931120848"
    },
    {
      "type": "Feature",
      "properties": {
        "@id": "way/931128008",
        "building": "yes",
        "historic": "yes",
        "ruins": "yes",
        "@geometry": "center"
      },
      "geometry": {
        "type": "Point",
        "coordinates": [
          76.4721387,
          15.3208109
        ]
      },
      "id": "way/931128008"
    },
    {
      "type": "Feature",
      "properties": {
        "@id": "way/931333640",
        "historic": "aqueduct",
        "layer": "-1",
        "ruins": "yes",
        "@geometry": "center"
      },
      "geometry": {
        "type": "Point",
        "coordinates": [
          76.4707884,
          15.314473
        ]
      },
      "id": "way/931333640"
    },
    {
      "type": "Feature",
      "properties": {
        "@id": "way/931348561",
        "building": "temple",
        "historic": "yes",
        "ruins": "yes",
        "@geometry": "center"
      },
      "geometry": {
        "type": "Point",
        "coordinates": [
          76.4742441,
          15.3204942
        ]
      },
      "id": "way/931348561"
    },
    {
      "type": "Feature",
      "properties": {
        "@id": "way/970584394",
        "name": "Thunga Bhadra back waters view point",
        "natural": "water",
        "water": "reservoir",
        "@geometry": "center"
      },
      "geometry": {
        "type": "Point",
        "coordinates": [
          76.3607708,
          15.2361482
        ]
      },
      "id": "way/970584394"
    },
    {
      "type": "Feature",
      "properties": {
        "@id": "way/970586775",
        "addr:city": "Hosapete",
        "addr:postcode": "583203",
        "leisure": "park",
        "name": "M.J Nagar Park",
        "@geometry": "center"
      },
      "geometry": {
        "type": "Point",
        "coordinates": [
          76.3770885,
          15.2659185
        ]
      },
      "id": "way/970586775"
    },
    {
      "type": "Feature",
      "properties": {
        "@id": "way/970800232",
        "leisure": "park",
        "name": "Nehru Park",
        "name:etymology:wikidata": "Q1047",
        "name:kn": "ನೆಹರು ಉದ್ಯಾನವನ",
        "@geometry": "center"
      },
      "geometry": {
        "type": "Point",
        "coordinates": [
          76.3830968,
          15.2637045
        ]
      },
      "id": "way/970800232"
    },
    {
      "type": "Feature",
      "properties": {
        "@id": "way/970801696",
        "addr:city": "Amaravati",
        "addr:postcode": "583225",
        "leisure": "park",
        "name": "TBHES Sports Club, T.B. Dam",
        "operator": "TBHES",
        "@geometry": "center"
      },
      "geometry": {
        "type": "Point",
        "coordinates": [
          76.358136,
          15.2672192
        ]
      },
      "id": "way/970801696"
    },
    {
      "type": "Feature",
      "properties": {
        "@id": "way/970803409",
        "addr:city": "Koppal",
        "leisure": "park",
        "name": "Munirabad Park",
        "@geometry": "center"
      },
      "geometry": {
        "type": "Point",
        "coordinates": [
          76.325432,
          15.2769735
        ]
      },
      "id": "way/970803409"
    },
    {
      "type": "Feature",
      "properties": {
        "@id": "way/976168424",
        "historic": "fort",
        "name:kn": "ಸೋಮನಾಥ ಕೋಟೆ",
        "@geometry": "center"
      },
      "geometry": {
        "type": "Point",
        "coordinates": [
          76.3578719,
          15.3467221
        ]
      },
      "id": "way/976168424"
    },
    {
      "type": "Feature",
      "properties": {
        "@id": "way/976169114",
        "historic": "ruins",
        "@geometry": "center"
      },
      "geometry": {
        "type": "Point",
        "coordinates": [
          76.3315889,
          15.3666248
        ]
      },
      "id": "way/976169114"
    },
    {
      "type": "Feature",
      "properties": {
        "@id": "node/977472885",
        "historic": "ruins",
        "name": "Purandara Mandapa",
        "name:kn": "ಪುರಂದರ ಮಂಟಪ"
      },
      "geometry": {
        "type": "Point",
        "coordinates": [
          76.4724375,
          15.3419935
        ]
      },
      "id": "node/977472885"
    },
    {
      "type": "Feature",
      "properties": {
        "@id": "node/977478684",
        "name": "Photo Museum",
        "opening_hours": "Tu-Su",
        "tourism": "museum"
      },
      "geometry": {
        "type": "Point",
        "coordinates": [
          76.4663566,
          15.3340708
        ]
      },
      "id": "node/977478684"
    },
    {
      "type": "Feature",
      "properties": {
        "@id": "node/980400456",
        "name": "Sunset Point",
        "tourism": "viewpoint"
      },
      "geometry": {
        "type": "Point",
        "coordinates": [
          76.4594093,
          15.3326761
        ]
      },
      "id": "node/980400456"
    },
    {
      "type": "Feature",
      "properties": {
        "@id": "node/980400628",
        "amenity": "place_of_worship",
        "name": "Shivananda Ashram",
        "religion": "hindu"
      },
      "geometry": {
        "type": "Point",
        "coordinates": [
          76.456698,
          15.3362629
        ]
      },
      "id": "node/980400628"
    },
    {
      "type": "Feature",
      "properties": {
        "@id": "node/980400748",
        "historic": "ruins",
        "name": "Ranga Mantapa",
        "name:kn": "ರಂಗ ಮಂಟಪ"
      },
      "geometry": {
        "type": "Point",
        "coordinates": [
          76.4668859,
          15.3337651
        ]
      },
      "id": "node/980400748"
    },
    {
      "type": "Feature",
      "properties": {
        "@id": "node/980400751",
        "amenity": "place_of_worship",
        "name": "Yantroddharaka Hanuman Temple",
        "name:kn": "ಹನುಮಂತ ದೇವಸ್ಥಾನ",
        "religion": "hindu"
      },
      "geometry": {
        "type": "Point",
        "coordinates": [
          76.4684496,
          15.3358583
        ]
      },
      "id": "node/980400751"
    },
    {
      "type": "Feature",
      "properties": {
        "@id": "node/980400860",
        "amenity": "place_of_worship",
        "name": "Prasanna Narasimha Temple",
        "name:kn": "ಪ್ರಸನ್ನ ನರಸಿಂಹ",
        "religion": "hindu"
      },
      "geometry": {
        "type": "Point",
        "coordinates": [
          76.46066,
          15.3310553
        ]
      },
      "id": "node/980400860"
    },
    {
      "type": "Feature",
      "properties": {
        "@id": "node/980499545",
        "historic": "wayside_shrine",
        "name:kn": "ಗುಡಿ",
        "religion": "hindu"
      },
      "geometry": {
        "type": "Point",
        "coordinates": [
          76.4546883,
          15.3431385
        ]
      },
      "id": "node/980499545"
    },
    {
      "type": "Feature",
      "properties": {
        "@id": "way/1120062013",
        "leisure": "park",
        "@geometry": "center"
      },
      "geometry": {
        "type": "Point",
        "coordinates": [
          76.9350309,
          15.1154155
        ]
      },
      "id": "way/1120062013"
    },
    {
      "type": "Feature",
      "properties": {
        "@id": "way/1120062014",
        "leisure": "park",
        "@geometry": "center"
      },
      "geometry": {
        "type": "Point",
        "coordinates": [
          76.9352812,
          15.1150633
        ]
      },
      "id": "way/1120062014"
    },
    {
      "type": "Feature",
      "properties": {
        "@id": "way/1120077193",
        "leisure": "park",
        "@geometry": "center"
      },
      "geometry": {
        "type": "Point",
        "coordinates": [
          76.9309209,
          15.1216029
        ]
      },
      "id": "way/1120077193"
    },
    {
      "type": "Feature",
      "properties": {
        "@id": "way/1124055294",
        "area": "yes",
        "historic": "ruins",
        "name": "Bukka Aqueduct",
        "@geometry": "center"
      },
      "geometry": {
        "type": "Point",
        "coordinates": [
          76.4532255,
          15.3464716
        ]
      },
      "id": "way/1124055294"
    },
    {
      "type": "Feature",
      "properties": {
        "@id": "way/1128029992",
        "amenity": "place_of_worship",
        "building": "yes",
        "name": "Sasivekalu Ganesha",
        "name:kn": "ಸಾಸಿವೆಕಾಳು ಗಣಪ",
        "name:ru": "Малый Ганеша",
        "religion": "hindu",
        "wheelchair": "no",
        "@geometry": "center"
      },
      "geometry": {
        "type": "Point",
        "coordinates": [
          76.4599707,
          15.3314039
        ]
      },
      "id": "way/1128029992"
    },
    {
      "type": "Feature",
      "properties": {
        "@id": "way/1128222505",
        "amenity": "place_of_worship",
        "building": "yes",
        "check_date": "2025-02-20",
        "name": "Hanuman temple",
        "religion": "hindu",
        "@geometry": "center"
      },
      "geometry": {
        "type": "Point",
        "coordinates": [
          76.4697412,
          15.3545938
        ]
      },
      "id": "way/1128222505"
    },
    {
      "type": "Feature",
      "properties": {
        "@id": "node/1143452350",
        "tourism": "viewpoint"
      },
      "geometry": {
        "type": "Point",
        "coordinates": [
          76.4592116,
          15.343372
        ]
      },
      "id": "node/1143452350"
    },
    {
      "type": "Feature",
      "properties": {
        "@id": "node/1148814803",
        "historic": "wayside_shrine",
        "name": "Hanuman shrine",
        "name:kn": "ಹನುಮಂತ ಗುಡಿ",
        "religion": "hindu"
      },
      "geometry": {
        "type": "Point",
        "coordinates": [
          76.4684767,
          15.3332159
        ]
      },
      "id": "node/1148814803"
    },
    {
      "type": "Feature",
      "properties": {
        "@id": "node/1148814958",
        "fee": "no",
        "name": "Open Air Sculpture Museum",
        "tourism": "museum"
      },
      "geometry": {
        "type": "Point",
        "coordinates": [
          76.4697289,
          15.3196025
        ]
      },
      "id": "node/1148814958"
    },
    {
      "type": "Feature",
      "properties": {
        "@id": "node/1148814960",
        "name": "Temple Elephant Bathing",
        "opening_hours": "08:00-08:30",
        "tourism": "attraction"
      },
      "geometry": {
        "type": "Point",
        "coordinates": [
          76.4579636,
          15.3369688
        ]
      },
      "id": "node/1148814960"
    },
    {
      "type": "Feature",
      "properties": {
        "@id": "way/1206845978",
        "leisure": "park",
        "@geometry": "center"
      },
      "geometry": {
        "type": "Point",
        "coordinates": [
          76.6095804,
          15.1853662
        ]
      },
      "id": "way/1206845978"
    },
    {
      "type": "Feature",
      "properties": {
        "@id": "way/1206845979",
        "leisure": "park",
        "@geometry": "center"
      },
      "geometry": {
        "type": "Point",
        "coordinates": [
          76.6087155,
          15.1857202
        ]
      },
      "id": "way/1206845979"
    },
    {
      "type": "Feature",
      "properties": {
        "@id": "way/1206845980",
        "leisure": "park",
        "@geometry": "center"
      },
      "geometry": {
        "type": "Point",
        "coordinates": [
          76.6086692,
          15.1849766
        ]
      },
      "id": "way/1206845980"
    },
    {
      "type": "Feature",
      "properties": {
        "@id": "way/1206845981",
        "leisure": "park",
        "@geometry": "center"
      },
      "geometry": {
        "type": "Point",
        "coordinates": [
          76.6095543,
          15.1848298
        ]
      },
      "id": "way/1206845981"
    },
    {
      "type": "Feature",
      "properties": {
        "@id": "way/1206845982",
        "leisure": "park",
        "@geometry": "center"
      },
      "geometry": {
        "type": "Point",
        "coordinates": [
          76.6103871,
          15.1847152
        ]
      },
      "id": "way/1206845982"
    },
    {
      "type": "Feature",
      "properties": {
        "@id": "way/1206845983",
        "leisure": "park",
        "@geometry": "center"
      },
      "geometry": {
        "type": "Point",
        "coordinates": [
          76.6104277,
          15.1853045
        ]
      },
      "id": "way/1206845983"
    },
    {
      "type": "Feature",
      "properties": {
        "@id": "way/1206845984",
        "leisure": "park",
        "@geometry": "center"
      },
      "geometry": {
        "type": "Point",
        "coordinates": [
          76.6131431,
          15.1838707
        ]
      },
      "id": "way/1206845984"
    },
    {
      "type": "Feature",
      "properties": {
        "@id": "way/1206845989",
        "leisure": "park",
        "@geometry": "center"
      },
      "geometry": {
        "type": "Point",
        "coordinates": [
          76.6128172,
          15.1865369
        ]
      },
      "id": "way/1206845989"
    },
    {
      "type": "Feature",
      "properties": {
        "@id": "way/1206845990",
        "leisure": "park",
        "@geometry": "center"
      },
      "geometry": {
        "type": "Point",
        "coordinates": [
          76.6128709,
          15.1875235
        ]
      },
      "id": "way/1206845990"
    },
    {
      "type": "Feature",
      "properties": {
        "@id": "way/1206845991",
        "leisure": "park",
        "@geometry": "center"
      },
      "geometry": {
        "type": "Point",
        "coordinates": [
          76.6129165,
          15.188411
        ]
      },
      "id": "way/1206845991"
    },
    {
      "type": "Feature",
      "properties": {
        "@id": "way/1206846045",
        "leisure": "park",
        "@geometry": "center"
      },
      "geometry": {
        "type": "Point",
        "coordinates": [
          76.663072,
          15.1980649
        ]
      },
      "id": "way/1206846045"
    },
    {
      "type": "Feature",
      "properties": {
        "@id": "way/1215701040",
        "amenity": "place_of_worship",
        "building": "yes",
        "name": "Gavi Siddeshwara Temple",
        "religion": "hindu",
        "@geometry": "center"
      },
      "geometry": {
        "type": "Point",
        "coordinates": [
          76.8022816,
          15.083325
        ]
      },
      "id": "way/1215701040"
    },
    {
      "type": "Feature",
      "properties": {
        "@id": "way/1245171141",
        "building": "yes",
        "historic": "ruins",
        "@geometry": "center"
      },
      "geometry": {
        "type": "Point",
        "coordinates": [
          76.4723965,
          15.341982
        ]
      },
      "id": "way/1245171141"
    },
    {
      "type": "Feature",
      "properties": {
        "@id": "way/1245171142",
        "building": "yes",
        "historic": "ruins",
        "@geometry": "center"
      },
      "geometry": {
        "type": "Point",
        "coordinates": [
          76.47629,
          15.3415528
        ]
      },
      "id": "way/1245171142"
    },
    {
      "type": "Feature",
      "properties": {
        "@id": "way/1245171143",
        "building": "yes",
        "historic": "ruins",
        "@geometry": "center"
      },
      "geometry": {
        "type": "Point",
        "coordinates": [
          76.4762914,
          15.341422
        ]
      },
      "id": "way/1245171143"
    },
    {
      "type": "Feature",
      "properties": {
        "@id": "way/1245171145",
        "building": "yes",
        "historic": "ruins",
        "@geometry": "center"
      },
      "geometry": {
        "type": "Point",
        "coordinates": [
          76.4745625,
          15.3410609
        ]
      },
      "id": "way/1245171145"
    },
    {
      "type": "Feature",
      "properties": {
        "@id": "way/1245171146",
        "building": "yes",
        "historic": "ruins",
        "name": "Nammalawar Temple",
        "@geometry": "center"
      },
      "geometry": {
        "type": "Point",
        "coordinates": [
          76.4742593,
          15.3416457
        ]
      },
      "id": "way/1245171146"
    },
    {
      "type": "Feature",
      "properties": {
        "@id": "way/1245171152",
        "amenity": "place_of_worship",
        "building": "yes",
        "name": "Jayalakshmi Temple",
        "name:kn": "ಜಯಲಕ್ಷ್ಮಿ",
        "religion": "hindu",
        "@geometry": "center"
      },
      "geometry": {
        "type": "Point",
        "coordinates": [
          76.47695,
          15.3540598
        ]
      },
      "id": "way/1245171152"
    },
    {
      "type": "Feature",
      "properties": {
        "@id": "way/1245186001",
        "building": "yes",
        "historic": "ruins",
        "@geometry": "center"
      },
      "geometry": {
        "type": "Point",
        "coordinates": [
          76.4687439,
          15.3206786
        ]
      },
      "id": "way/1245186001"
    },
    {
      "type": "Feature",
      "properties": {
        "@id": "way/1245186002",
        "building": "yes",
        "historic": "ruins",
        "man_made": "water_well",
        "@geometry": "center"
      },
      "geometry": {
        "type": "Point",
        "coordinates": [
          76.4699491,
          15.3179729
        ]
      },
      "id": "way/1245186002"
    },
    {
      "type": "Feature",
      "properties": {
        "@id": "way/1245186003",
        "building": "yes",
        "historic": "ruins",
        "@geometry": "center"
      },
      "geometry": {
        "type": "Point",
        "coordinates": [
          76.470659,
          15.3186033
        ]
      },
      "id": "way/1245186003"
    },
    {
      "type": "Feature",
      "properties": {
        "@id": "way/1245186004",
        "building": "yes",
        "historic": "ruins",
        "@geometry": "center"
      },
      "geometry": {
        "type": "Point",
        "coordinates": [
          76.4698465,
          15.3183409
        ]
      },
      "id": "way/1245186004"
    },
    {
      "type": "Feature",
      "properties": {
        "@id": "way/1245186472",
        "building": "yes",
        "historic": "ruins",
        "@geometry": "center"
      },
      "geometry": {
        "type": "Point",
        "coordinates": [
          76.4771067,
          15.3414742
        ]
      },
      "id": "way/1245186472"
    },
    {
      "type": "Feature",
      "properties": {
        "@id": "way/1245186473",
        "building": "yes",
        "historic": "ruins",
        "@geometry": "center"
      },
      "geometry": {
        "type": "Point",
        "coordinates": [
          76.4767018,
          15.3410733
        ]
      },
      "id": "way/1245186473"
    },
    {
      "type": "Feature",
      "properties": {
        "@id": "way/1262196670",
        "historic": "ruins",
        "name": "Muslim Tomb and Darga",
        "@geometry": "center"
      },
      "geometry": {
        "type": "Point",
        "coordinates": [
          76.4487884,
          15.3104298
        ]
      },
      "id": "way/1262196670"
    },
    {
      "type": "Feature",
      "properties": {
        "@id": "way/1299322218",
        "amenity": "place_of_worship",
        "building": "no",
        "name": "Chintamani Math Anegundi",
        "name:kn": "ಚಿಂತಾಮಣಿ ಮಠ",
        "religion": "hindu",
        "@geometry": "center"
      },
      "geometry": {
        "type": "Point",
        "coordinates": [
          76.4926892,
          15.3477265
        ]
      },
      "id": "way/1299322218"
    },
    {
      "type": "Feature",
      "properties": {
        "@id": "way/1349532280",
        "building": "temple",
        "historic": "yes",
        "name": "Parvati Gudi",
        "name:kn": "ಪಾರ್ವತಿ ಗುಡಿ",
        "religion": "hindu",
        "@geometry": "center"
      },
      "geometry": {
        "type": "Point",
        "coordinates": [
          76.5643577,
          15.0110969
        ]
      },
      "id": "way/1349532280"
    },
    {
      "type": "Feature",
      "properties": {
        "@id": "way/1349532281",
        "building": "temple",
        "historic": "yes",
        "name": "Kumaraswami Gudi",
        "name:kn": "ಕುಮರಸ್ವಾಮಿ ಗುಡಿ",
        "religion": "hindu",
        "@geometry": "center"
      },
      "geometry": {
        "type": "Point",
        "coordinates": [
          76.5642944,
          15.0113054
        ]
      },
      "id": "way/1349532281"
    },
    {
      "type": "Feature",
      "properties": {
        "@id": "way/1364311359",
        "amenity": "place_of_worship",
        "building": "yes",
        "denomination": "hindu",
        "name": "Hastagiri Ranganatha Temple",
        "name:kn": "ಹಸ್ತಗಿಹಿ ರಂಗನಾಥ ದೇವಸ್ಥಾನ",
        "religion": "hindu",
        "source": "local knowledge",
        "@geometry": "center"
      },
      "geometry": {
        "type": "Point",
        "coordinates": [
          76.4690806,
          15.3355959
        ]
      },
      "id": "way/1364311359"
    },
    {
      "type": "Feature",
      "properties": {
        "@id": "way/1364311360",
        "area": "yes",
        "building": "yes",
        "historic": "ruins",
        "name": "Ceremonial Hall",
        "source": "survey",
        "@geometry": "center"
      },
      "geometry": {
        "type": "Point",
        "coordinates": [
          76.4699357,
          15.3324252
        ]
      },
      "id": "way/1364311360"
    },
    {
      "type": "Feature",
      "properties": {
        "@id": "way/1364311361",
        "archaeological_site": "temple",
        "area": "yes",
        "building": "yes",
        "historic": "archaeological_site",
        "layer": "1",
        "name": "Achyutaraya Temple Main Gate",
        "@geometry": "center"
      },
      "geometry": {
        "type": "Point",
        "coordinates": [
          76.4701405,
          15.3326173
        ]
      },
      "id": "way/1364311361"
    },
    {
      "type": "Feature",
      "properties": {
        "@id": "way/1364311362",
        "area": "yes",
        "building": "yes",
        "description": "Mandapa",
        "historic": "archaeological_site",
        "source": "survey",
        "@geometry": "center"
      },
      "geometry": {
        "type": "Point",
        "coordinates": [
          76.4698612,
          15.3327496
        ]
      },
      "id": "way/1364311362"
    },
    {
      "type": "Feature",
      "properties": {
        "@id": "way/1364311363",
        "area": "yes",
        "building": "yes",
        "historic": "yes",
        "source": "survey",
        "@geometry": "center"
      },
      "geometry": {
        "type": "Point",
        "coordinates": [
          76.4697149,
          15.3325241
        ]
      },
      "id": "way/1364311363"
    },
    {
      "type": "Feature",
      "properties": {
        "@id": "way/1364311365",
        "amenity": "place_of_worship",
        "building": "yes",
        "name": "Durga Shrine",
        "name:kn": "ದುರ್ಗ ಗುಡಿ",
        "religion": "hindu",
        "@geometry": "center"
      },
      "geometry": {
        "type": "Point",
        "coordinates": [
          76.4698189,
          15.3311915
        ]
      },
      "id": "way/1364311365"
    },
    {
      "type": "Feature",
      "properties": {
        "@id": "way/1364452903",
        "area": "yes",
        "historic": "archaeological_site",
        "@geometry": "center"
      },
      "geometry": {
        "type": "Point",
        "coordinates": [
          76.4751439,
          15.3174657
        ]
      },
      "id": "way/1364452903"
    },
    {
      "type": "Feature",
      "properties": {
        "@id": "way/1364452912",
        "amenity": "place_of_worship",
        "building": "yes",
        "denomination": "hindu",
        "name": "Sarasvati Temple",
        "name:kn": "ಸರಸ್ವತಿ ದೇವಸ್ಥಾನ",
        "religion": "hindu",
        "source": "survey",
        "@geometry": "center"
      },
      "geometry": {
        "type": "Point",
        "coordinates": [
          76.4745846,
          15.3152266
        ]
      },
      "id": "way/1364452912"
    },
    {
      "type": "Feature",
      "properties": {
        "@id": "way/1364452913",
        "area": "yes",
        "historic": "archaeological_site",
        "name": "Palace Ruins",
        "@geometry": "center"
      },
      "geometry": {
        "type": "Point",
        "coordinates": [
          76.4762645,
          15.3161264
        ]
      },
      "id": "way/1364452913"
    },
    {
      "type": "Feature",
      "properties": {
        "@id": "way/1364452914",
        "area": "yes",
        "historic": "archaeological_site",
        "name": "Palace Ruins",
        "@geometry": "center"
      },
      "geometry": {
        "type": "Point",
        "coordinates": [
          76.4755208,
          15.3158471
        ]
      },
      "id": "way/1364452914"
    },
    {
      "type": "Feature",
      "properties": {
        "@id": "way/1364601430",
        "amenity": "place_of_worship",
        "building": "yes",
        "denomination": "hindu",
        "name": "Trikuta Temple",
        "religion": "hindu",
        "source": "survey;aerial imagery",
        "@geometry": "center"
      },
      "geometry": {
        "type": "Point",
        "coordinates": [
          76.4592518,
          15.3339436
        ]
      },
      "id": "way/1364601430"
    },
    {
      "type": "Feature",
      "properties": {
        "@id": "way/1364601431",
        "amenity": "place_of_worship",
        "building": "yes",
        "denomination": "hindu",
        "name": "Sri Anjaneya Temple",
        "name:kn": "ಆಂಜನೇಯ ದೇವಸ್ಥಾನ",
        "religion": "hindu",
        "@geometry": "center"
      },
      "geometry": {
        "type": "Point",
        "coordinates": [
          76.4592386,
          15.3330577
        ]
      },
      "id": "way/1364601431"
    },
    {
      "type": "Feature",
      "properties": {
        "@id": "way/1364601432",
        "amenity": "place_of_worship",
        "building": "yes",
        "denomination": "hindu",
        "name": "Moola Virupashka Temple",
        "name:kn": "ಮೂಲ ವಿರೂಪಾಕ್ಷ",
        "religion": "hindu",
        "source": "survey;aerial imagery",
        "@geometry": "center"
      },
      "geometry": {
        "type": "Point",
        "coordinates": [
          76.4594675,
          15.333132
        ]
      },
      "id": "way/1364601432"
    },
    {
      "type": "Feature",
      "properties": {
        "@id": "way/1364601435",
        "area": "yes",
        "building": "ruins",
        "building:levels": "2",
        "historic": "building",
        "layer": "1",
        "name": "Two-Storey Gateway",
        "source": "survey;aerial imagery",
        "@geometry": "center"
      },
      "geometry": {
        "type": "Point",
        "coordinates": [
          76.4596289,
          15.3325403
        ]
      },
      "id": "way/1364601435"
    },
    {
      "type": "Feature",
      "properties": {
        "@id": "way/1364601441",
        "area": "yes",
        "historic": "ruins",
        "name": "4 Pillar Structure",
        "source": "survey",
        "@geometry": "center"
      },
      "geometry": {
        "type": "Point",
        "coordinates": [
          76.4597561,
          15.3341071
        ]
      },
      "id": "way/1364601441"
    },
    {
      "type": "Feature",
      "properties": {
        "@id": "way/1364601444",
        "area": "yes",
        "building": "yes",
        "historic": "city_gate",
        "name": "Hemakuta Gateway",
        "name:kn": "ಹೇಮಕೂಟ ಬಾಗಿಲು",
        "source": "survey;aerial imagery",
        "@geometry": "center"
      },
      "geometry": {
        "type": "Point",
        "coordinates": [
          76.460038,
          15.3342871
        ]
      },
      "id": "way/1364601444"
    },
    {
      "type": "Feature",
      "properties": {
        "@id": "way/1364601446",
        "amenity": "place_of_worship",
        "building": "yes",
        "name": "Harihara Temple",
        "name:kn": "ಹರಹರ ದೇವಸ್ಥಾನ",
        "religion": "hindu",
        "source": "survey;aerial imagery",
        "@geometry": "center"
      },
      "geometry": {
        "type": "Point",
        "coordinates": [
          76.4607516,
          15.3329247
        ]
      },
      "id": "way/1364601446"
    },
    {
      "type": "Feature",
      "properties": {
        "@id": "way/1364601452",
        "amenity": "place_of_worship",
        "building": "yes",
        "name": "100-columned hall",
        "religion": "hindu",
        "source": "survey;aerial imagery",
        "wikimedia_commons": "File:100-columned_Hall.jpg",
        "@geometry": "center"
      },
      "geometry": {
        "type": "Point",
        "coordinates": [
          76.4593131,
          15.3348408
        ]
      },
      "id": "way/1364601452"
    },
    {
      "type": "Feature",
      "properties": {
        "@id": "way/1364601453",
        "building": "yes",
        "historic": "building",
        "layer": "1",
        "name": "Gopura",
        "name:kn": "ಗೋಪುರ",
        "@geometry": "center"
      },
      "geometry": {
        "type": "Point",
        "coordinates": [
          76.459217,
          15.3351175
        ]
      },
      "id": "way/1364601453"
    },
    {
      "type": "Feature",
      "properties": {
        "@id": "way/1364608886",
        "amenity": "place_of_worship",
        "building": "yes",
        "name": "Uramma Temple",
        "name:kn": "ಊರಮ್ಮ",
        "religion": "hindu",
        "source": "survey;aerial imagery",
        "@geometry": "center"
      },
      "geometry": {
        "type": "Point",
        "coordinates": [
          76.4920195,
          15.3547576
        ]
      },
      "id": "way/1364608886"
    },
    {
      "type": "Feature",
      "properties": {
        "@id": "way/1364608887",
        "amenity": "place_of_worship",
        "building": "yes",
        "name": "Ruined Temple",
        "religion": "hindu",
        "source": "survey;aerial imagery",
        "@geometry": "center"
      },
      "geometry": {
        "type": "Point",
        "coordinates": [
          76.4921983,
          15.3552238
        ]
      },
      "id": "way/1364608887"
    },
    {
      "type": "Feature",
      "properties": {
        "@id": "way/1364608889",
        "amenity": "place_of_worship",
        "building": "yes",
        "name": "Malledavara Gudi",
        "name:kn": "ಮಲ್ಲೆದೇವರ ಗುಡಿ",
        "religion": "hindu",
        "source": "survey;aerial imagery",
        "@geometry": "center"
      },
      "geometry": {
        "type": "Point",
        "coordinates": [
          76.4927321,
          15.3569681
        ]
      },
      "id": "way/1364608889"
    },
    {
      "type": "Feature",
      "properties": {
        "@id": "way/1364710660",
        "area": "yes",
        "building": "yes",
        "historic": "building",
        "name": "Gopura",
        "name:kn": "ಗೋಪುರ",
        "@geometry": "center"
      },
      "geometry": {
        "type": "Point",
        "coordinates": [
          76.4701199,
          15.3323439
        ]
      },
      "id": "way/1364710660"
    },
    {
      "type": "Feature",
      "properties": {
        "@id": "way/1364710661",
        "area": "yes",
        "building": "yes",
        "description": "West Side Gate",
        "historic": "building",
        "@geometry": "center"
      },
      "geometry": {
        "type": "Point",
        "coordinates": [
          76.4698413,
          15.3319518
        ]
      },
      "id": "way/1364710661"
    },
    {
      "type": "Feature",
      "properties": {
        "@id": "way/1364710662",
        "area": "yes",
        "building": "yes",
        "historic": "building",
        "name": "East Side Gate",
        "@geometry": "center"
      },
      "geometry": {
        "type": "Point",
        "coordinates": [
          76.4703472,
          15.3319459
        ]
      },
      "id": "way/1364710662"
    },
    {
      "type": "Feature",
      "properties": {
        "@id": "way/1364710667",
        "amenity": "place_of_worship",
        "building": "yes",
        "name": "Garuda Shrine",
        "name:kn": "ಗರುಡ",
        "religion": "hindu",
        "@geometry": "center"
      },
      "geometry": {
        "type": "Point",
        "coordinates": [
          76.4703045,
          15.3322798
        ]
      },
      "id": "way/1364710667"
    },
    {
      "type": "Feature",
      "properties": {
        "@id": "way/1364710669",
        "area": "yes",
        "historic": "ruins",
        "name": "East Sule Bazaar Arcade",
        "@geometry": "center"
      },
      "geometry": {
        "type": "Point",
        "coordinates": [
          76.4702788,
          15.3341839
        ]
      },
      "id": "way/1364710669"
    },
    {
      "type": "Feature",
      "properties": {
        "@id": "way/1364710670",
        "area": "yes",
        "historic": "ruins",
        "name": "East Sule Bazaar Arcade",
        "@geometry": "center"
      },
      "geometry": {
        "type": "Point",
        "coordinates": [
          76.4699385,
          15.333694
        ]
      },
      "id": "way/1364710670"
    },
    {
      "type": "Feature",
      "properties": {
        "@id": "way/1365951644",
        "height": "-1.5",
        "historic": "monument",
        "name": "Sunken Pit",
        "@geometry": "center"
      },
      "geometry": {
        "type": "Point",
        "coordinates": [
          76.4704263,
          15.3159529
        ]
      },
      "id": "way/1365951644"
    },
    {
      "type": "Feature",
      "properties": {
        "@id": "way/1365951649",
        "height": "-1",
        "historic": "monument",
        "name": "Pit",
        "@geometry": "center"
      },
      "geometry": {
        "type": "Point",
        "coordinates": [
          76.4702557,
          15.3160984
        ]
      },
      "id": "way/1365951649"
    },
    {
      "type": "Feature",
      "properties": {
        "@id": "way/1367627066",
        "amenity": "place_of_worship",
        "building": "yes",
        "name": "Narasimha",
        "name:kn": "ನರಸಿಂಹ",
        "religion": "hindu",
        "@geometry": "center"
      },
      "geometry": {
        "type": "Point",
        "coordinates": [
          76.4717572,
          15.3375302
        ]
      },
      "id": "way/1367627066"
    },
    {
      "type": "Feature",
      "properties": {
        "@id": "way/1367627069",
        "building": "yes",
        "historic": "yes",
        "@geometry": "center"
      },
      "geometry": {
        "type": "Point",
        "coordinates": [
          76.4716522,
          15.3374409
        ]
      },
      "id": "way/1367627069"
    },
    {
      "type": "Feature",
      "properties": {
        "@id": "way/1373771655",
        "name": "Dananayakana Kere",
        "name:kn": "ಡಣಾಯಕನ ಕೆರೆ",
        "natural": "water",
        "water": "reservoir",
        "@geometry": "center"
      },
      "geometry": {
        "type": "Point",
        "coordinates": [
          76.3774064,
          15.1304226
        ]
      },
      "id": "way/1373771655"
    },
    {
      "type": "Feature",
      "properties": {
        "@id": "way/1377724444",
        "name": "Narihalla Tank",
        "name:kn": "ನರಿಹಳ್ಳ ಕೆರೆ",
        "natural": "water",
        "water": "reservoir",
        "@geometry": "center"
      },
      "geometry": {
        "type": "Point",
        "coordinates": [
          76.5901539,
          15.1141537
        ]
      },
      "id": "way/1377724444"
    },
    {
      "type": "Feature",
      "properties": {
        "@id": "way/1389900382",
        "barrier": "fence",
        "name": "Vajapayee Zoological Park",
        "name:etymology:wikidata": "Q233289",
        "name:kn": "ವಾಜಪೇಯಿ ಮೃಗಾಲಯ",
        "tourism": "zoo",
        "zoo": "safari_park",
        "@geometry": "center"
      },
      "geometry": {
        "type": "Point",
        "coordinates": [
          76.4740498,
          15.2646957
        ]
      },
      "id": "way/1389900382"
    },
    {
      "type": "Feature",
      "properties": {
        "@id": "way/1393485917",
        "barrier": "wall",
        "historic": "yes",
        "@geometry": "center"
      },
      "geometry": {
        "type": "Point",
        "coordinates": [
          76.4611779,
          15.3303843
        ]
      },
      "id": "way/1393485917"
    },
    {
      "type": "Feature",
      "properties": {
        "@id": "way/1393485918",
        "barrier": "wall",
        "historic": "yes",
        "@geometry": "center"
      },
      "geometry": {
        "type": "Point",
        "coordinates": [
          76.4611211,
          15.3300922
        ]
      },
      "id": "way/1393485918"
    },
    {
      "type": "Feature",
      "properties": {
        "@id": "way/1394117969",
        "name": "Sanapura Kere",
        "name:kn": "ಸಾಣಾಪುರ ಕೆರೆ",
        "natural": "water",
        "water": "reservoir",
        "@geometry": "center"
      },
      "geometry": {
        "type": "Point",
        "coordinates": [
          76.4313992,
          15.3584997
        ]
      },
      "id": "way/1394117969"
    },
    {
      "type": "Feature",
      "properties": {
        "@id": "way/1394495489",
        "amenity": "place_of_worship",
        "building": "temple",
        "name": "Mallikarjuna Temple",
        "name:kn": "ಮಲ್ಲಿಕಾರ್ಜುನ ದೇವಸ್ಥಾನ",
        "religion": "hindu",
        "@geometry": "center"
      },
      "geometry": {
        "type": "Point",
        "coordinates": [
          76.4285179,
          15.2841313
        ]
      },
      "id": "way/1394495489"
    },
    {
      "type": "Feature",
      "properties": {
        "@id": "way/1396813630",
        "amenity": "place_of_worship",
        "building": "yes",
        "name": "Mauneshwara Devasthana",
        "name:kn": "ಮೌನೇಶ್ವರ ದೇವಸ್ಥಾನ",
        "religion": "hindu",
        "@geometry": "center"
      },
      "geometry": {
        "type": "Point",
        "coordinates": [
          76.9512332,
          15.130685
        ]
      },
      "id": "way/1396813630"
    },
    {
      "type": "Feature",
      "properties": {
        "@id": "way/1415450237",
        "name": "Manmatha Honda",
        "name:kn": "ಮನ್ಮಥ ಹೊಂಡ",
        "natural": "water",
        "water": "reservoir",
        "wikimedia_commons": "File:Manmatha_Honda.jpg",
        "@geometry": "center"
      },
      "geometry": {
        "type": "Point",
        "coordinates": [
          76.4590974,
          15.3355844
        ]
      },
      "id": "way/1415450237"
    },
    {
      "type": "Feature",
      "properties": {
        "@id": "node/1427080593",
        "historic": "ruins",
        "name": "Band Tower"
      },
      "geometry": {
        "type": "Point",
        "coordinates": [
          76.4670381,
          15.3169258
        ]
      },
      "id": "node/1427080593"
    },
    {
      "type": "Feature",
      "properties": {
        "@id": "node/1427080655",
        "tourism": "viewpoint"
      },
      "geometry": {
        "type": "Point",
        "coordinates": [
          76.4663357,
          15.3195897
        ]
      },
      "id": "node/1427080655"
    },
    {
      "type": "Feature",
      "properties": {
        "@id": "node/1427115927",
        "historic": "ruins",
        "name": "Muslim Tombs"
      },
      "geometry": {
        "type": "Point",
        "coordinates": [
          76.4489006,
          15.3105922
        ]
      },
      "id": "node/1427115927"
    },
    {
      "type": "Feature",
      "properties": {
        "@id": "way/1449406867",
        "amenity": "place_of_worship",
        "building": "yes",
        "name": "Sri Murugan Temple",
        "name:kn": "ಮುರುಗನ್ ದೇವಸ್ಥಾನ",
        "religion": "hindu",
        "@geometry": "center"
      },
      "geometry": {
        "type": "Point",
        "coordinates": [
          76.4513483,
          15.3140849
        ]
      },
      "id": "way/1449406867"
    },
    {
      "type": "Feature",
      "properties": {
        "@id": "way/1450047025",
        "amenity": "place_of_worship",
        "building": "yes",
        "name": "Sri Kshetra Shaneshwara Temple",
        "name:kn": "ಕ್ಷೇತ್ರ ಶಾನೇಶ್ವರ",
        "religion": "hindu",
        "@geometry": "center"
      },
      "geometry": {
        "type": "Point",
        "coordinates": [
          76.3589037,
          15.250816
        ]
      },
      "id": "way/1450047025"
    },
    {
      "type": "Feature",
      "properties": {
        "@id": "way/1450047027",
        "amenity": "place_of_worship",
        "building": "yes",
        "name": "Sri Mahakali Ammanavara Gudi",
        "name:kn": "ಮಹಾಕಾಳೀ ಅಮ್ಮನವರ ಗುಡಿ",
        "religion": "hindu",
        "@geometry": "center"
      },
      "geometry": {
        "type": "Point",
        "coordinates": [
          76.3414283,
          15.2623162
        ]
      },
      "id": "way/1450047027"
    },
    {
      "type": "Feature",
      "properties": {
        "@id": "way/1450320893",
        "leisure": "park",
        "@geometry": "center"
      },
      "geometry": {
        "type": "Point",
        "coordinates": [
          76.3436204,
          15.2630273
        ]
      },
      "id": "way/1450320893"
    },
    {
      "type": "Feature",
      "properties": {
        "@id": "way/1459089515",
        "building": "no",
        "fence": "yes",
        "tourism": "museum",
        "@geometry": "center"
      },
      "geometry": {
        "type": "Point",
        "coordinates": [
          76.4768624,
          15.3074973
        ]
      },
      "id": "way/1459089515"
    },
    {
      "type": "Feature",
      "properties": {
        "@id": "way/1459549070",
        "building": "yes",
        "historic": "city_gate",
        "@geometry": "center"
      },
      "geometry": {
        "type": "Point",
        "coordinates": [
          76.4673293,
          15.3336903
        ]
      },
      "id": "way/1459549070"
    },
    {
      "type": "Feature",
      "properties": {
        "@id": "way/1459549081",
        "amenity": "place_of_worship",
        "building": "temple",
        "name": "Veerabhadra Temple",
        "name:kn": "ವೀರಭದ್ರ ದೇವಸ್ಥಾನ",
        "religion": "hindu",
        "@geometry": "center"
      },
      "geometry": {
        "type": "Point",
        "coordinates": [
          76.4683945,
          15.3315793
        ]
      },
      "id": "way/1459549081"
    },
    {
      "type": "Feature",
      "properties": {
        "@id": "way/1460055257",
        "building": "yes",
        "historic": "city_gate",
        "@geometry": "center"
      },
      "geometry": {
        "type": "Point",
        "coordinates": [
          76.4588327,
          15.3359802
        ]
      },
      "id": "way/1460055257"
    },
    {
      "type": "Feature",
      "properties": {
        "@id": "way/1460223449",
        "area": "yes",
        "historic": "ruins",
        "name": "Noblemen's Quarters",
        "name:fr": "Quartier des nobles",
        "@geometry": "center"
      },
      "geometry": {
        "type": "Point",
        "coordinates": [
          76.4650023,
          15.3202573
        ]
      },
      "id": "way/1460223449"
    },
    {
      "type": "Feature",
      "properties": {
        "@id": "way/1460223451",
        "area": "yes",
        "historic": "ruins",
        "name": "Nobleman's Palace",
        "@geometry": "center"
      },
      "geometry": {
        "type": "Point",
        "coordinates": [
          76.4651511,
          15.3181283
        ]
      },
      "id": "way/1460223451"
    },
    {
      "type": "Feature",
      "properties": {
        "@id": "way/1488600978",
        "barrier": "city_wall",
        "historic": "citywalls",
        "@geometry": "center"
      },
      "geometry": {
        "type": "Point",
        "coordinates": [
          76.3775915,
          15.4102527
        ]
      },
      "id": "way/1488600978"
    },
    {
      "type": "Feature",
      "properties": {
        "@id": "way/1548094254",
        "amenity": "place_of_worship",
        "building": "temple",
        "name": "Honuman Temple",
        "religion": "hindu",
        "@geometry": "center"
      },
      "geometry": {
        "type": "Point",
        "coordinates": [
          76.4934666,
          15.3502803
        ]
      },
      "id": "way/1548094254"
    },
    {
      "type": "Feature",
      "properties": {
        "@id": "way/1553927292",
        "historic": "ruins",
        "operator:wikidata": "Q632235",
        "@geometry": "center"
      },
      "geometry": {
        "type": "Point",
        "coordinates": [
          76.4556028,
          15.315542
        ]
      },
      "id": "way/1553927292"
    },
    {
      "type": "Feature",
      "properties": {
        "@id": "way/1553927293",
        "historic": "ruins",
        "operator:wikidata": "Q632235",
        "@geometry": "center"
      },
      "geometry": {
        "type": "Point",
        "coordinates": [
          76.4556056,
          15.3157289
        ]
      },
      "id": "way/1553927293"
    },
    {
      "type": "Feature",
      "properties": {
        "@id": "way/1553927295",
        "historic": "tomb",
        "religion": "hindu",
        "@geometry": "center"
      },
      "geometry": {
        "type": "Point",
        "coordinates": [
          76.4533622,
          15.3237346
        ]
      },
      "id": "way/1553927295"
    },
    {
      "type": "Feature",
      "properties": {
        "@id": "way/1553927297",
        "amenity": "place_of_worship",
        "building": "temple",
        "name": "Hanuman temple",
        "operator:wikidata": "Q632235",
        "religion": "hindu",
        "@geometry": "center"
      },
      "geometry": {
        "type": "Point",
        "coordinates": [
          76.435027,
          15.3154123
        ]
      },
      "id": "way/1553927297"
    },
    {
      "type": "Feature",
      "properties": {
        "@id": "way/1554351752",
        "building": "ruins",
        "description": "Ruined Gateway",
        "historic": "city_gate",
        "name": "Double-storeyed Mandapa",
        "ruins": "yes",
        "@geometry": "center"
      },
      "geometry": {
        "type": "Point",
        "coordinates": [
          76.4739139,
          15.3405456
        ]
      },
      "id": "way/1554351752"
    },
    {
      "type": "Feature",
      "properties": {
        "@id": "way/1554351753",
        "historic": "ruins",
        "@geometry": "center"
      },
      "geometry": {
        "type": "Point",
        "coordinates": [
          76.467867,
          15.3380473
        ]
      },
      "id": "way/1554351753"
    },
    {
      "type": "Feature",
      "properties": {
        "@id": "way/1554351767",
        "amenity": "place_of_worship",
        "building": "temple",
        "historic": "yes",
        "religion": "jain",
        "@geometry": "center"
      },
      "geometry": {
        "type": "Point",
        "coordinates": [
          76.4586543,
          15.3345609
        ]
      },
      "id": "way/1554351767"
    },
    {
      "type": "Feature",
      "properties": {
        "@id": "way/1554351768",
        "amenity": "place_of_worship",
        "building": "temple",
        "historic": "yes",
        "religion": "jain",
        "@geometry": "center"
      },
      "geometry": {
        "type": "Point",
        "coordinates": [
          76.4585599,
          15.3343081
        ]
      },
      "id": "way/1554351768"
    },
    {
      "type": "Feature",
      "properties": {
        "@id": "way/1554351769",
        "amenity": "place_of_worship",
        "building": "temple",
        "historic": "yes",
        "religion": "jain",
        "@geometry": "center"
      },
      "geometry": {
        "type": "Point",
        "coordinates": [
          76.4587176,
          15.334744
        ]
      },
      "id": "way/1554351769"
    },
    {
      "type": "Feature",
      "properties": {
        "@id": "way/1554351770",
        "amenity": "place_of_worship",
        "building": "temple",
        "historic": "yes",
        "religion": "jain",
        "@geometry": "center"
      },
      "geometry": {
        "type": "Point",
        "coordinates": [
          76.4588488,
          15.3341039
        ]
      },
      "id": "way/1554351770"
    },
    {
      "type": "Feature",
      "properties": {
        "@id": "way/1554351771",
        "amenity": "place_of_worship",
        "building": "temple",
        "historic": "yes",
        "religion": "jain",
        "@geometry": "center"
      },
      "geometry": {
        "type": "Point",
        "coordinates": [
          76.4590723,
          15.3344285
        ]
      },
      "id": "way/1554351771"
    },
    {
      "type": "Feature",
      "properties": {
        "@id": "way/1554351777",
        "building": "ruins",
        "historic": "ruins",
        "name": "Guard's house",
        "@geometry": "center"
      },
      "geometry": {
        "type": "Point",
        "coordinates": [
          76.4719999,
          15.3212889
        ]
      },
      "id": "way/1554351777"
    },
    {
      "type": "Feature",
      "properties": {
        "@id": "node/1668645383",
        "amenity": "place_of_worship",
        "historic": "monument",
        "name": "Jain temple",
        "name:kn": "ಜೈನ ದೇವಸ್ಥಾನ",
        "religion": "jain"
      },
      "geometry": {
        "type": "Point",
        "coordinates": [
          76.4812125,
          15.326171
        ]
      },
      "id": "node/1668645383"
    },
    {
      "type": "Feature",
      "properties": {
        "@id": "node/1668645399",
        "amenity": "place_of_worship",
        "name": "Madanika mantapa",
        "religion": "hindu"
      },
      "geometry": {
        "type": "Point",
        "coordinates": [
          76.4705117,
          15.3184255
        ]
      },
      "id": "node/1668645399"
    },
    {
      "type": "Feature",
      "properties": {
        "@id": "node/1668645401",
        "amenity": "place_of_worship",
        "name": "Nandi gudi",
        "name:kn": "ನಂದಿ ಗುಡಿ",
        "religion": "hindu"
      },
      "geometry": {
        "type": "Point",
        "coordinates": [
          76.4702204,
          15.3180507
        ]
      },
      "id": "node/1668645401"
    },
    {
      "type": "Feature",
      "properties": {
        "@id": "node/1668645403",
        "amenity": "place_of_worship",
        "name": "Shiva temple",
        "name:kn": "ಶಿವ ದೇವಸ್ಥಾನ",
        "religion": "hindu"
      },
      "geometry": {
        "type": "Point",
        "coordinates": [
          76.4701378,
          15.3182844
        ]
      },
      "id": "node/1668645403"
    },
    {
      "type": "Feature",
      "properties": {
        "@id": "node/1668645410",
        "amenity": "place_of_worship",
        "historic": "monument",
        "name": "Shaiva temple",
        "name:kn": "ಶೈವ ದೇವಸ್ಥಾನ",
        "religion": "hindu"
      },
      "geometry": {
        "type": "Point",
        "coordinates": [
          76.47472,
          15.3212062
        ]
      },
      "id": "node/1668645410"
    },
    {
      "type": "Feature",
      "properties": {
        "@id": "node/1668645414",
        "amenity": "place_of_worship",
        "historic": "monument",
        "name": "Shringarada hebbagilu",
        "name:kn": "ಶ್ರಿಂಗಾರದ ಹೆಬ್ಬಾಗಿಲು",
        "religion": "hindu"
      },
      "geometry": {
        "type": "Point",
        "coordinates": [
          76.4763451,
          15.3222196
        ]
      },
      "id": "node/1668645414"
    },
    {
      "type": "Feature",
      "properties": {
        "@id": "node/1668645418",
        "amenity": "place_of_worship",
        "historic": "monument",
        "name": "Somavarada hebbagilu",
        "name:kn": "ಸೋಮವಾರದ ಹೆಬ್ಬಾಗಿಲು",
        "religion": "hindu"
      },
      "geometry": {
        "type": "Point",
        "coordinates": [
          76.477716,
          15.3192644
        ]
      },
      "id": "node/1668645418"
    },
    {
      "type": "Feature",
      "properties": {
        "@id": "node/1668645420",
        "amenity": "place_of_worship",
        "historic": "monument",
        "name": "Vaishnava temple",
        "name:en": "Ranga Temple",
        "name:kn": "ವೈಷ್ಣವ ದೇವಸ್ಥಾನ",
        "religion": "hindu"
      },
      "geometry": {
        "type": "Point",
        "coordinates": [
          76.4718828,
          15.3194198
        ]
      },
      "id": "node/1668645420"
    },
    {
      "type": "Feature",
      "properties": {
        "@id": "node/1668645422",
        "amenity": "place_of_worship",
        "historic": "monument",
        "name": "Vaishnava temple",
        "name:kn": "ವೈಷ್ಣವ ದೇವಸ್ಥಾನ",
        "religion": "hindu"
      },
      "geometry": {
        "type": "Point",
        "coordinates": [
          76.4743294,
          15.3209507
        ]
      },
      "id": "node/1668645422"
    },
    {
      "type": "Feature",
      "properties": {
        "@id": "node/1673175507",
        "amenity": "place_of_worship",
        "historic": "wayside_shrine",
        "name": "Jain temple",
        "name:kn": "ಜೈನ ದೇವಸ್ಥಾನ",
        "religion": "jain"
      },
      "geometry": {
        "type": "Point",
        "coordinates": [
          76.4805752,
          15.3199203
        ]
      },
      "id": "node/1673175507"
    },
    {
      "type": "Feature",
      "properties": {
        "@id": "node/1673175512",
        "amenity": "place_of_worship",
        "historic": "monument",
        "name": "Naddkall Durgamma Temple",
        "religion": "hindu"
      },
      "geometry": {
        "type": "Point",
        "coordinates": [
          76.478784,
          15.3182313
        ]
      },
      "id": "node/1673175512"
    },
    {
      "type": "Feature",
      "properties": {
        "@id": "node/1673175552",
        "historic": "wayside_shrine"
      },
      "geometry": {
        "type": "Point",
        "coordinates": [
          76.4790429,
          15.3198005
        ]
      },
      "id": "node/1673175552"
    },
    {
      "type": "Feature",
      "properties": {
        "@id": "node/1673367215",
        "amenity": "place_of_worship",
        "name": "Channabasava Temple",
        "name:kn": "ಚನ್ನಬಸವ ದೇವಸ್ಥಾನ",
        "opening_hours": "24/7",
        "religion": "hindu"
      },
      "geometry": {
        "type": "Point",
        "coordinates": [
          76.4033427,
          15.3107418
        ]
      },
      "id": "node/1673367215"
    },
    {
      "type": "Feature",
      "properties": {
        "@id": "node/1673367223",
        "historic": "wayside_shrine",
        "man_made": "water_well",
        "name": "Harike Bhavi",
        "name:kn": "ಹರಿಕೆ ಭಾವಿ"
      },
      "geometry": {
        "type": "Point",
        "coordinates": [
          76.4047409,
          15.3103172
        ]
      },
      "id": "node/1673367223"
    },
    {
      "type": "Feature",
      "properties": {
        "@id": "node/1673367224",
        "amenity": "place_of_worship",
        "location": "monument",
        "name": "Nijalingamma temple",
        "name:kn": "ನಿಜಲಿಂಗಮ್ಮ ದೇವಸ್ಥಾನ",
        "opening_hours": "24/7",
        "religion": "hindu"
      },
      "geometry": {
        "type": "Point",
        "coordinates": [
          76.4034325,
          15.3109924
        ]
      },
      "id": "node/1673367224"
    },
    {
      "type": "Feature",
      "properties": {
        "@id": "node/1673367227",
        "amenity": "place_of_worship",
        "name": "Huligamma Temple",
        "name:kn": "ಹುಲಿಗಮ್ಮ ದೇವಸ್ಥಾನ",
        "opening_hours": "24/7",
        "religion": "hindu"
      },
      "geometry": {
        "type": "Point",
        "coordinates": [
          76.4026155,
          15.2976167
        ]
      },
      "id": "node/1673367227"
    },
    {
      "type": "Feature",
      "properties": {
        "@id": "node/1676740758",
        "historic": "ruins",
        "name": "Parameshwara Temple",
        "name:kn": "ಪರಮೇಶ್ವರ ದೇವಸ್ಥಾನ"
      },
      "geometry": {
        "type": "Point",
        "coordinates": [
          76.4587842,
          15.3355299
        ]
      },
      "id": "node/1676740758"
    },
    {
      "type": "Feature",
      "properties": {
        "@id": "node/1676740761",
        "historic": "ruins",
        "name": "Shankeshwara temple",
        "name:kn": "ಶಂಕೇಶ್ವರ ದೇವಸ್ಥಾನ"
      },
      "geometry": {
        "type": "Point",
        "coordinates": [
          76.4587829,
          15.3354454
        ]
      },
      "id": "node/1676740761"
    },
    {
      "type": "Feature",
      "properties": {
        "@id": "node/1676740767",
        "historic": "archaeological_site",
        "name": "Virupaksha rear entrance",
        "religion": "hindu",
        "ruins": "yes"
      },
      "geometry": {
        "type": "Point",
        "coordinates": [
          76.4584389,
          15.3356817
        ]
      },
      "id": "node/1676740767"
    },
    {
      "type": "Feature",
      "properties": {
        "@id": "node/1731891534",
        "amenity": "place_of_worship",
        "name": "Pattanada Yellamma",
        "name:kn": "ಪಟ್ಟಣದ ಯಲ್ಲಮ್ಮ ದೇವಾಲಯ",
        "religion": "hindu"
      },
      "geometry": {
        "type": "Point",
        "coordinates": [
          76.4712745,
          15.3189253
        ]
      },
      "id": "node/1731891534"
    },
    {
      "type": "Feature",
      "properties": {
        "@id": "node/1746471809",
        "amenity": "place_of_worship",
        "name": "Basavanna Temple",
        "name:kn": "ಬಸವಣ್ಣ ದೇವಸ್ಥಾನ",
        "opening_hours": "24/7",
        "religion": "hindu"
      },
      "geometry": {
        "type": "Point",
        "coordinates": [
          76.4035801,
          15.3016238
        ]
      },
      "id": "node/1746471809"
    },
    {
      "type": "Feature",
      "properties": {
        "@id": "node/1746471810",
        "amenity": "place_of_worship",
        "name": "Channabasaveshwara Temple",
        "name:kn": "ಚನ್ನಬಸವೇಶ್ವರ ದೇವಸ್ಥಾನ",
        "opening_hours": "24/7",
        "religion": "hindu"
      },
      "geometry": {
        "type": "Point",
        "coordinates": [
          76.4033878,
          15.2981962
        ]
      },
      "id": "node/1746471810"
    },
    {
      "type": "Feature",
      "properties": {
        "@id": "node/1746471811",
        "amenity": "place_of_worship",
        "name": "Sacred Neem",
        "opening_hours": "24/7",
        "religion": "hindu"
      },
      "geometry": {
        "type": "Point",
        "coordinates": [
          76.4031953,
          15.3056937
        ]
      },
      "id": "node/1746471811"
    },
    {
      "type": "Feature",
      "properties": {
        "@id": "node/1746519571",
        "amenity": "place_of_worship",
        "name": "Devaramaala",
        "name:kn": "ದೇವರಮಾಳ",
        "religion": "hindu"
      },
      "geometry": {
        "type": "Point",
        "coordinates": [
          76.4198105,
          15.3256058
        ]
      },
      "id": "node/1746519571"
    },
    {
      "type": "Feature",
      "properties": {
        "@id": "node/1755035304",
        "amenity": "place_of_worship",
        "name": "Devara Banni Tree",
        "religion": "hindu"
      },
      "geometry": {
        "type": "Point",
        "coordinates": [
          76.40592,
          15.3099847
        ]
      },
      "id": "node/1755035304"
    },
    {
      "type": "Feature",
      "properties": {
        "@id": "node/1755036049",
        "amenity": "place_of_worship",
        "name": "Basvanagudi, Bande Basavappa",
        "religion": "hindu"
      },
      "geometry": {
        "type": "Point",
        "coordinates": [
          76.4065804,
          15.310471
        ]
      },
      "id": "node/1755036049"
    },
    {
      "type": "Feature",
      "properties": {
        "@id": "node/1813644865",
        "amenity": "place_of_worship",
        "name": "Basadi",
        "name:kn": "ಬಸದಿ",
        "religion": "jain"
      },
      "geometry": {
        "type": "Point",
        "coordinates": [
          76.4912033,
          15.3509138
        ]
      },
      "id": "node/1813644865"
    },
    {
      "type": "Feature",
      "properties": {
        "@id": "node/1813644875",
        "amenity": "place_of_worship",
        "name": "Gagan Mahal",
        "name:kn": "ಗಗನ್‌ಮಹಲ್"
      },
      "geometry": {
        "type": "Point",
        "coordinates": [
          76.4924983,
          15.3523451
        ]
      },
      "id": "node/1813644875"
    },
    {
      "type": "Feature",
      "properties": {
        "@id": "node/2072718459",
        "amenity": "place_of_worship",
        "denomination": "shaivism",
        "name": "Somanatha Temple",
        "name:kn": "ಸೋಮನಾಥ ದೇವಸ್ಥಾನ",
        "religion": "hindu"
      },
      "geometry": {
        "type": "Point",
        "coordinates": [
          76.3596089,
          15.3442513
        ]
      },
      "id": "node/2072718459"
    },
    {
      "type": "Feature",
      "properties": {
        "@id": "node/2072718460",
        "historic": "monument",
        "name": "Somanatakote Durgamma",
        "name:kn": "ಸೋಮನಾಥ ಕೋಟೆ ದುರ್ಗಮ್ಮ"
      },
      "geometry": {
        "type": "Point",
        "coordinates": [
          76.3572949,
          15.3464472
        ]
      },
      "id": "node/2072718460"
    },
    {
      "type": "Feature",
      "properties": {
        "@id": "node/2072949821",
        "amenity": "place_of_worship",
        "name": "Anjenaya temple",
        "name:kn": "ಆಂಜನೇಯ ದೇವಸ್ಥಾನ"
      },
      "geometry": {
        "type": "Point",
        "coordinates": [
          76.4065341,
          15.2403311
        ]
      },
      "id": "node/2072949821"
    },
    {
      "type": "Feature",
      "properties": {
        "@id": "node/2072949822",
        "amenity": "place_of_worship",
        "name": "Huligi temple",
        "name:kn": "ಹುಲಿಗೆಮ್ಮ ದೇವಸ್ಥಾನ"
      },
      "geometry": {
        "type": "Point",
        "coordinates": [
          76.3445564,
          15.3049974
        ]
      },
      "id": "node/2072949822"
    },
    {
      "type": "Feature",
      "properties": {
        "@id": "node/2072949824",
        "amenity": "place_of_worship",
        "name": "Kaalammana Gudi",
        "name:kn": "ಕಾಳವ್ವನ ಗುಡಿ"
      },
      "geometry": {
        "type": "Point",
        "coordinates": [
          76.3915136,
          15.2668836
        ]
      },
      "id": "node/2072949824"
    },
    {
      "type": "Feature",
      "properties": {
        "@id": "node/2072949825",
        "amenity": "place_of_worship",
        "name": "Padaghatte Hanumappa"
      },
      "geometry": {
        "type": "Point",
        "coordinates": [
          76.4064588,
          15.2404918
        ]
      },
      "id": "node/2072949825"
    },
    {
      "type": "Feature",
      "properties": {
        "@id": "node/2072949826",
        "amenity": "place_of_worship",
        "denomination": "shaivism",
        "name": "Somanata temple",
        "name:kn": "ಸೋಮನಾಥ ದೇವಾಸ್ತಾನ",
        "religion": "hindu"
      },
      "geometry": {
        "type": "Point",
        "coordinates": [
          76.3583559,
          15.3469803
        ]
      },
      "id": "node/2072949826"
    },
    {
      "type": "Feature",
      "properties": {
        "@id": "node/2072949827",
        "amenity": "place_of_worship",
        "name": "Vaanibadreshwara temple",
        "name:kn": "ವಾಣಿಭದ್ರೇಶ್ವರ ದೇವಸ್ಥಾನ"
      },
      "geometry": {
        "type": "Point",
        "coordinates": [
          76.359345,
          15.3491249
        ]
      },
      "id": "node/2072949827"
    },
    {
      "type": "Feature",
      "properties": {
        "@id": "node/2072949828",
        "historic": "stone",
        "name": "Veera kallu",
        "name:kn": "ವೀರಕಲ್ಲು"
      },
      "geometry": {
        "type": "Point",
        "coordinates": [
          76.3460541,
          15.3040781
        ]
      },
      "id": "node/2072949828"
    },
    {
      "type": "Feature",
      "properties": {
        "@id": "node/2072949902",
        "historic": "archaeological_site",
        "name": "Kaalikamba Temple, Hospet",
        "name:kn": "ಕಾಳಿಕಾಂಬ ದೇವಸ್ಥಾನ"
      },
      "geometry": {
        "type": "Point",
        "coordinates": [
          76.3910756,
          15.266848
        ]
      },
      "id": "node/2072949902"
    },
    {
      "type": "Feature",
      "properties": {
        "@id": "node/2072949928",
        "amenity": "place_of_worship",
        "name": "Huligi temple",
        "name:kn": "ಹುಲಿಗೆಮ್ಮ ದೇವಸ್ಥಾನ",
        "religion": "hindu"
      },
      "geometry": {
        "type": "Point",
        "coordinates": [
          76.34599,
          15.3041288
        ]
      },
      "id": "node/2072949928"
    },
    {
      "type": "Feature",
      "properties": {
        "@id": "node/2115400220",
        "historic": "archaeological_site",
        "name": "Chikkabenakallu",
        "name:kn": "ಚಿಕ್ಕ ಬೆಣಕಲ್ಲು"
      },
      "geometry": {
        "type": "Point",
        "coordinates": [
          76.4575693,
          15.4172528
        ]
      },
      "id": "node/2115400220"
    },
    {
      "type": "Feature",
      "properties": {
        "@id": "node/2115400262",
        "amenity": "place_of_worship",
        "historic": "archaeological_site",
        "name": "Jambunatha Garbha Gudi",
        "name:kn": "ಜಂಬುನಾಥ ಗರ್ಭ ಗುಡಿ",
        "tourism": "attraction"
      },
      "geometry": {
        "type": "Point",
        "coordinates": [
          76.4084298,
          15.2371219
        ]
      },
      "id": "node/2115400262"
    },
    {
      "type": "Feature",
      "properties": {
        "@id": "node/2115400267",
        "historic": "archaeological_site",
        "name": "Jambunatha Temple",
        "name:kn": "ಜಂಬುನಾಥ ದೇವಸ್ಥಾನ"
      },
      "geometry": {
        "type": "Point",
        "coordinates": [
          76.4078672,
          15.2371014
        ]
      },
      "id": "node/2115400267"
    },
    {
      "type": "Feature",
      "properties": {
        "@id": "node/2115400284",
        "historic": "archaeological_site",
        "name": "Kinnereshwara",
        "name:kn": "ಕಿನ್ನರೇಶ್ವರ"
      },
      "geometry": {
        "type": "Point",
        "coordinates": [
          76.5337945,
          15.3682457
        ]
      },
      "id": "node/2115400284"
    },
    {
      "type": "Feature",
      "properties": {
        "@id": "node/2115400289",
        "historic": "archaeological_site",
        "name": "Mula Virupaksha",
        "name:kn": "ಮೂಲ ವಿರುಪಾಕ್ಷ"
      },
      "geometry": {
        "type": "Point",
        "coordinates": [
          76.4596615,
          15.3332377
        ]
      },
      "id": "node/2115400289"
    },
    {
      "type": "Feature",
      "properties": {
        "@id": "node/2115400313",
        "designation": "start point to mountain",
        "historic": "archaeological_site",
        "name": "Somanatheshwara",
        "name:kn": "ಸೋಮನಾಥೇಶ್ವರ"
      },
      "geometry": {
        "type": "Point",
        "coordinates": [
          76.3614145,
          15.342598
        ]
      },
      "id": "node/2115400313"
    },
    {
      "type": "Feature",
      "properties": {
        "@id": "node/2115400330",
        "historic": "archaeological_site",
        "name": "Vaanibhadreshwara",
        "name:kn": "ವಾಣಿ ಭದ್ರೇಶ್ವರ"
      },
      "geometry": {
        "type": "Point",
        "coordinates": [
          76.4872785,
          15.4057446
        ]
      },
      "id": "node/2115400330"
    },
    {
      "type": "Feature",
      "properties": {
        "@id": "node/2115400682",
        "historic": "archaeological_site",
        "name": "Papanashana tirta"
      },
      "geometry": {
        "type": "Point",
        "coordinates": [
          76.4881816,
          15.4063681
        ]
      },
      "id": "node/2115400682"
    },
    {
      "type": "Feature",
      "properties": {
        "@id": "node/2115400687",
        "historic": "archaeological_site",
        "name": "Vanibadreshwara temple",
        "name:kn": "ವಾಣಿಭದ್ರೇಶ್ವರ ದೇವಸ್ಥಾನ"
      },
      "geometry": {
        "type": "Point",
        "coordinates": [
          76.4877668,
          15.4064169
        ]
      },
      "id": "node/2115400687"
    },
    {
      "type": "Feature",
      "properties": {
        "@id": "node/2115400689",
        "historic": "archaeological_site",
        "name": "Sudha tirta"
      },
      "geometry": {
        "type": "Point",
        "coordinates": [
          76.4878827,
          15.4067381
        ]
      },
      "id": "node/2115400689"
    },
    {
      "type": "Feature",
      "properties": {
        "@id": "node/2115400727",
        "historic": "archaeological_site",
        "name": "Chikka Benakallu(mountain)",
        "name:kn": "ಚಿಕ್ಕ ಬೆಣಕಲ್ಲು"
      },
      "geometry": {
        "type": "Point",
        "coordinates": [
          76.4570819,
          15.4170391
        ]
      },
      "id": "node/2115400727"
    },
    {
      "type": "Feature",
      "properties": {
        "@id": "node/2115400753",
        "historic": "archaeological_site",
        "name": "Bhimana kindi",
        "name:kn": "ಭೀಮನ ಕಿಂಡಿ"
      },
      "geometry": {
        "type": "Point",
        "coordinates": [
          76.4622023,
          15.4179475
        ]
      },
      "id": "node/2115400753"
    },
    {
      "type": "Feature",
      "properties": {
        "@id": "node/2195424884",
        "amenity": "place_of_worship",
        "name": "Hanuman Temple",
        "name:kn": "ಹನುಮಂತ ದೇವಸ್ಥಾನ",
        "religion": "hindu"
      },
      "geometry": {
        "type": "Point",
        "coordinates": [
          76.4490763,
          15.3629339
        ]
      },
      "id": "node/2195424884"
    },
    {
      "type": "Feature",
      "properties": {
        "@id": "node/2407231483",
        "ele": "602",
        "name": "Ballari Gudda",
        "name:kn": "ಬಳ್ಳಾರಿ ಗುಡ್ಡ",
        "natural": "peak"
      },
      "geometry": {
        "type": "Point",
        "coordinates": [
          76.9111588,
          15.1493106
        ]
      },
      "id": "node/2407231483"
    },
    {
      "type": "Feature",
      "properties": {
        "@id": "node/2419123916",
        "name": "Daroji Sloth Bear Sanctuary",
        "name:kn": "ದರೋಜಿ ಕರಡಿಧಾಮ",
        "tourism": "viewpoint"
      },
      "geometry": {
        "type": "Point",
        "coordinates": [
          76.5636026,
          15.2752257
        ]
      },
      "id": "node/2419123916"
    },
    {
      "type": "Feature",
      "properties": {
        "@id": "node/2429395318",
        "historic": "monument",
        "name": "Temple",
        "name:kn": "ದೇವಸ್ಥಾನ"
      },
      "geometry": {
        "type": "Point",
        "coordinates": [
          76.5270831,
          15.2824581
        ]
      },
      "id": "node/2429395318"
    },
    {
      "type": "Feature",
      "properties": {
        "@id": "node/2620887283",
        "addr:city": "Anegundi",
        "addr:district": "Koppal",
        "amenity": "place_of_worship",
        "denomination": "advaita_peetha",
        "email": "chintamanimath@gmail.com",
        "mobile": "9620015678",
        "name": "Chintamani Math Anegundi",
        "religion": "hindu",
        "website": "https://chintamanimath.org/"
      },
      "geometry": {
        "type": "Point",
        "coordinates": [
          76.4927374,
          15.3477916
        ]
      },
      "id": "node/2620887283"
    },
    {
      "type": "Feature",
      "properties": {
        "@id": "node/2627428630",
        "information": "guidepost",
        "tourism": "information"
      },
      "geometry": {
        "type": "Point",
        "coordinates": [
          76.462203,
          15.3464485
        ]
      },
      "id": "node/2627428630"
    },
    {
      "type": "Feature",
      "properties": {
        "@id": "node/2627430658",
        "tourism": "viewpoint"
      },
      "geometry": {
        "type": "Point",
        "coordinates": [
          76.4609061,
          15.3426302
        ]
      },
      "id": "node/2627430658"
    },
    {
      "type": "Feature",
      "properties": {
        "@id": "node/3164910561",
        "addr:postcode": "583225",
        "name": "T B Dam Zoo & Park",
        "tourism": "zoo"
      },
      "geometry": {
        "type": "Point",
        "coordinates": [
          76.3414612,
          15.2642908
        ]
      },
      "id": "node/3164910561"
    },
    {
      "type": "Feature",
      "properties": {
        "@id": "node/3166159376",
        "amenity": "place_of_worship",
        "name": "Venugopala Temple",
        "name:kn": "ವೇಣುಗೋಪಾಲ",
        "religion": "hindu"
      },
      "geometry": {
        "type": "Point",
        "coordinates": [
          76.3901291,
          15.2775278
        ]
      },
      "id": "node/3166159376"
    },
    {
      "type": "Feature",
      "properties": {
        "@id": "node/3169887061",
        "amenity": "place_of_worship",
        "name": "Full Gospel Church of Christ",
        "religion": "christian"
      },
      "geometry": {
        "type": "Point",
        "coordinates": [
          76.3542023,
          15.25982
        ]
      },
      "id": "node/3169887061"
    },
    {
      "type": "Feature",
      "properties": {
        "@id": "node/3176048661",
        "amenity": "place_of_worship",
        "name": "Masjid-e-Ilahi (Markaz) Mosche",
        "religion": "muslim"
      },
      "geometry": {
        "type": "Point",
        "coordinates": [
          76.3995819,
          15.27637
        ]
      },
      "id": "node/3176048661"
    },
    {
      "type": "Feature",
      "properties": {
        "@id": "node/3186032887",
        "amenity": "place_of_worship",
        "check_date": "2022-08-02",
        "name": "Hanuman Temple",
        "name:kn": "ಹನುಮಂತ ದೇವಸ್ಥಾನ",
        "religion": "hindu"
      },
      "geometry": {
        "type": "Point",
        "coordinates": [
          76.4044037,
          15.2773561
        ]
      },
      "id": "node/3186032887"
    },
    {
      "type": "Feature",
      "properties": {
        "@id": "node/3907790727",
        "historic": "ruins"
      },
      "geometry": {
        "type": "Point",
        "coordinates": [
          76.474078,
          15.3408443
        ]
      },
      "id": "node/3907790727"
    },
    {
      "type": "Feature",
      "properties": {
        "@id": "node/3921529448",
        "amenity": "place_of_worship",
        "name": "Durga Temple",
        "name:kn": "ದುರ್ಗಾ ದೇವಸ್ಥಾನ",
        "religion": "hindu"
      },
      "geometry": {
        "type": "Point",
        "coordinates": [
          76.4831006,
          15.3544286
        ]
      },
      "id": "node/3921529448"
    },
    {
      "type": "Feature",
      "properties": {
        "@id": "node/4191584495",
        "fee": "no",
        "name": "Sculpture museum",
        "opening_hours": "Sa-Th 10:00-17:00",
        "tourism": "museum",
        "wheelchair": "no"
      },
      "geometry": {
        "type": "Point",
        "coordinates": [
          76.4722527,
          15.321674
        ]
      },
      "id": "node/4191584495"
    },
    {
      "type": "Feature",
      "properties": {
        "@id": "node/4337895889",
        "tourism": "viewpoint"
      },
      "geometry": {
        "type": "Point",
        "coordinates": [
          76.46772,
          15.33205
        ]
      },
      "id": "node/4337895889"
    },
    {
      "type": "Feature",
      "properties": {
        "@id": "node/4337895890",
        "tourism": "viewpoint"
      },
      "geometry": {
        "type": "Point",
        "coordinates": [
          76.4689954,
          15.3335981
        ]
      },
      "id": "node/4337895890"
    },
    {
      "type": "Feature",
      "properties": {
        "@id": "node/4347574908",
        "historic": "ruins",
        "note": "Could be a temple, according to visitor notes (biletskiy)"
      },
      "geometry": {
        "type": "Point",
        "coordinates": [
          76.4775317,
          15.3678698
        ]
      },
      "id": "node/4347574908"
    },
    {
      "type": "Feature",
      "properties": {
        "@id": "node/4382069399",
        "amenity": "place_of_worship",
        "name": "Anklamma Devasthana",
        "name:kn": "ಅಂಕ್ಲಮ್ಮ ದೇವಸ್ಥಾನ"
      },
      "geometry": {
        "type": "Point",
        "coordinates": [
          76.4828247,
          15.2290477
        ]
      },
      "id": "node/4382069399"
    },
    {
      "type": "Feature",
      "properties": {
        "@id": "node/4407895290",
        "tourism": "viewpoint"
      },
      "geometry": {
        "type": "Point",
        "coordinates": [
          76.4693921,
          15.3405316
        ]
      },
      "id": "node/4407895290"
    },
    {
      "type": "Feature",
      "properties": {
        "@id": "node/4506479747",
        "check_date": "2022-08-02",
        "historic": "memorial",
        "memorial": "statue",
        "name": "Dr B R Ambedkar Statue",
        "name:kn": "ಡಾ ಬಿ ಆರ್ ಅಂಬೇಡ್ಕರ್"
      },
      "geometry": {
        "type": "Point",
        "coordinates": [
          76.4744648,
          15.3072702
        ]
      },
      "id": "node/4506479747"
    },
    {
      "type": "Feature",
      "properties": {
        "@id": "node/4550150890",
        "historic": "ruins"
      },
      "geometry": {
        "type": "Point",
        "coordinates": [
          76.4610752,
          15.331461
        ]
      },
      "id": "node/4550150890"
    },
    {
      "type": "Feature",
      "properties": {
        "@id": "node/4550329208",
        "historic": "ruins",
        "name": "Monolithic Bull",
        "name:en": "Monolithic Bull"
      },
      "geometry": {
        "type": "Point",
        "coordinates": [
          76.4668537,
          15.3338762
        ]
      },
      "id": "node/4550329208"
    },
    {
      "type": "Feature",
      "properties": {
        "@id": "node/4550330701",
        "historic": "ruins",
        "name": "Hemakuta Hill Temples"
      },
      "geometry": {
        "type": "Point",
        "coordinates": [
          76.4593547,
          15.3329279
        ]
      },
      "id": "node/4550330701"
    },
    {
      "type": "Feature",
      "properties": {
        "@id": "node/4550586390",
        "information": "office",
        "name": "Tourism information Centre",
        "tourism": "information"
      },
      "geometry": {
        "type": "Point",
        "coordinates": [
          76.4599145,
          15.3350061
        ]
      },
      "id": "node/4550586390"
    },
    {
      "type": "Feature",
      "properties": {
        "@id": "node/4552162592",
        "amenity": "place_of_worship",
        "name": "מקווה",
        "name:en": "Mikveh",
        "religion": "jewish"
      },
      "geometry": {
        "type": "Point",
        "coordinates": [
          76.4355417,
          15.3487138
        ]
      },
      "id": "node/4552162592"
    },
    {
      "type": "Feature",
      "properties": {
        "@id": "node/4552190389",
        "name": "Swimming spot",
        "waterway": "waterfall"
      },
      "geometry": {
        "type": "Point",
        "coordinates": [
          76.4353769,
          15.3456118
        ]
      },
      "id": "node/4552190389"
    },
    {
      "type": "Feature",
      "properties": {
        "@id": "node/4785434522",
        "tourism": "viewpoint"
      },
      "geometry": {
        "type": "Point",
        "coordinates": [
          76.3520044,
          15.3561518
        ]
      },
      "id": "node/4785434522"
    },
    {
      "type": "Feature",
      "properties": {
        "@id": "node/5226118323",
        "amenity": "place_of_worship",
        "name": "Sri Ranganatha Temple",
        "name:kn": "ರಂಗನಾಥ ದೇವಸ್ಥಾನ"
      },
      "geometry": {
        "type": "Point",
        "coordinates": [
          76.4918916,
          15.3524016
        ]
      },
      "id": "node/5226118323"
    },
    {
      "type": "Feature",
      "properties": {
        "@id": "node/5250640323",
        "tourism": "viewpoint"
      },
      "geometry": {
        "type": "Point",
        "coordinates": [
          76.4880995,
          15.3459516
        ]
      },
      "id": "node/5250640323"
    },
    {
      "type": "Feature",
      "properties": {
        "@id": "node/5342151122",
        "amenity": "place_of_worship",
        "name": "Madhava Ranga Temple",
        "name:kn": "ಮಾಧವ ರಂಗ ದೇವಸ್ಥಾನ",
        "religion": "hindu"
      },
      "geometry": {
        "type": "Point",
        "coordinates": [
          76.471716,
          15.3195376
        ]
      },
      "id": "node/5342151122"
    },
    {
      "type": "Feature",
      "properties": {
        "@id": "node/5342151123",
        "name": "Hanuman sculpture",
        "name:kn": "ಹನುಮಂತ",
        "tourism": "artwork"
      },
      "geometry": {
        "type": "Point",
        "coordinates": [
          76.4716969,
          15.3194874
        ]
      },
      "id": "node/5342151123"
    },
    {
      "type": "Feature",
      "properties": {
        "@id": "node/5342151124",
        "tourism": "viewpoint"
      },
      "geometry": {
        "type": "Point",
        "coordinates": [
          76.4877749,
          15.3295708
        ]
      },
      "id": "node/5342151124"
    },
    {
      "type": "Feature",
      "properties": {
        "@id": "node/5444504721",
        "tourism": "viewpoint"
      },
      "geometry": {
        "type": "Point",
        "coordinates": [
          76.4596276,
          15.3429019
        ]
      },
      "id": "node/5444504721"
    },
    {
      "type": "Feature",
      "properties": {
        "@id": "node/5785680869",
        "amenity": "place_of_worship",
        "name": "Kodandarama Temple",
        "name:kn": "ಕೋದಂಡರಾಮ ದೇವಸ್ಥಾನ",
        "religion": "hindu"
      },
      "geometry": {
        "type": "Point",
        "coordinates": [
          76.4684988,
          15.3359774
        ]
      },
      "id": "node/5785680869"
    },
    {
      "type": "Feature",
      "properties": {
        "@id": "node/5791998323",
        "historic": "monument"
      },
      "geometry": {
        "type": "Point",
        "coordinates": [
          76.5268572,
          15.3438655
        ]
      },
      "id": "node/5791998323"
    },
    {
      "type": "Feature",
      "properties": {
        "@id": "node/6161853552",
        "historic": "ruins",
        "name": "Stone Doors"
      },
      "geometry": {
        "type": "Point",
        "coordinates": [
          76.4708958,
          15.3164607
        ]
      },
      "id": "node/6161853552"
    },
    {
      "type": "Feature",
      "properties": {
        "@id": "node/6184177786",
        "tourism": "viewpoint"
      },
      "geometry": {
        "type": "Point",
        "coordinates": [
          76.457944,
          15.3650277
        ]
      },
      "id": "node/6184177786"
    },
    {
      "type": "Feature",
      "properties": {
        "@id": "node/6184182989",
        "tourism": "viewpoint"
      },
      "geometry": {
        "type": "Point",
        "coordinates": [
          76.4408549,
          15.3552739
        ]
      },
      "id": "node/6184182989"
    },
    {
      "type": "Feature",
      "properties": {
        "@id": "node/6185234385",
        "name": "Parking for viewpoint \"on your own risk\"",
        "tourism": "information"
      },
      "geometry": {
        "type": "Point",
        "coordinates": [
          76.4427947,
          15.3545919
        ]
      },
      "id": "node/6185234385"
    },
    {
      "type": "Feature",
      "properties": {
        "@id": "node/6185234386",
        "name": "Parking for viewpoint",
        "tourism": "information"
      },
      "geometry": {
        "type": "Point",
        "coordinates": [
          76.4581855,
          15.365677
        ]
      },
      "id": "node/6185234386"
    },
    {
      "type": "Feature",
      "properties": {
        "@id": "node/6261539285",
        "name": "Sule Bazaar",
        "tourism": "attraction"
      },
      "geometry": {
        "type": "Point",
        "coordinates": [
          76.4700574,
          15.3340087
        ]
      },
      "id": "node/6261539285"
    },
    {
      "type": "Feature",
      "properties": {
        "@id": "node/6261539385",
        "amenity": "place_of_worship",
        "name": "Ragrock Tree",
        "name:en": "Wish Tree",
        "natural": "tree",
        "religion": "multifaith"
      },
      "geometry": {
        "type": "Point",
        "coordinates": [
          76.4720484,
          15.3396127
        ]
      },
      "id": "node/6261539385"
    },
    {
      "type": "Feature",
      "properties": {
        "@id": "node/6268174485",
        "tourism": "viewpoint"
      },
      "geometry": {
        "type": "Point",
        "coordinates": [
          76.4783548,
          15.3178841
        ]
      },
      "id": "node/6268174485"
    },
    {
      "type": "Feature",
      "properties": {
        "@id": "node/6268174685",
        "name": "Sunset viewpoint with temple and the river valley (for climbers)",
        "tourism": "viewpoint"
      },
      "geometry": {
        "type": "Point",
        "coordinates": [
          76.4797062,
          15.3431852
        ]
      },
      "id": "node/6268174685"
    },
    {
      "type": "Feature",
      "properties": {
        "@id": "node/6271176987",
        "description": "Monkey carved into a rock (south facing)",
        "tourism": "attraction"
      },
      "geometry": {
        "type": "Point",
        "coordinates": [
          76.4739127,
          15.3254891
        ]
      },
      "id": "node/6271176987"
    },
    {
      "type": "Feature",
      "properties": {
        "@id": "node/6271176988",
        "description": "\"zero gravity\" boulder pile with temple panorama",
        "tourism": "attraction"
      },
      "geometry": {
        "type": "Point",
        "coordinates": [
          76.4743292,
          15.3252645
        ]
      },
      "id": "node/6271176988"
    },
    {
      "type": "Feature",
      "properties": {
        "@id": "node/6271182786",
        "description": "Viewpoint overlooking the Ragunatha Temple and the whole area",
        "tourism": "viewpoint"
      },
      "geometry": {
        "type": "Point",
        "coordinates": [
          76.4882539,
          15.3248428
        ]
      },
      "id": "node/6271182786"
    },
    {
      "type": "Feature",
      "properties": {
        "@id": "node/6271193385",
        "name": "Hanumana Pada",
        "name:kn": "ಹನುಮಾನ ಪಾದ",
        "note": "Sometimes described as 'Monkey Temple'",
        "tourism": "attraction"
      },
      "geometry": {
        "type": "Point",
        "coordinates": [
          76.4806669,
          15.3307186
        ]
      },
      "id": "node/6271193385"
    },
    {
      "type": "Feature",
      "properties": {
        "@id": "node/6271193386",
        "historic": "castle",
        "name": "Anegundi Fort",
        "name:kn": "ಆನೆಗುಂಡಿ ಕೋಟೆ",
        "tourism": "viewpoint"
      },
      "geometry": {
        "type": "Point",
        "coordinates": [
          76.4821673,
          15.3539114
        ]
      },
      "id": "node/6271193386"
    },
    {
      "type": "Feature",
      "properties": {
        "@id": "node/6271193885",
        "name": "Panorama view (access via",
        "name:en": "Panorama view (access via Anegundi Fort)",
        "tourism": "viewpoint"
      },
      "geometry": {
        "type": "Point",
        "coordinates": [
          76.479061,
          15.3522907
        ]
      },
      "id": "node/6271193885"
    },
    {
      "type": "Feature",
      "properties": {
        "@id": "node/6284064688",
        "waterway": "waterfall"
      },
      "geometry": {
        "type": "Point",
        "coordinates": [
          76.4367269,
          15.3461778
        ]
      },
      "id": "node/6284064688"
    },
    {
      "type": "Feature",
      "properties": {
        "@id": "node/6926606386",
        "name": "view on the lake",
        "name:fr": "vue sur le lac",
        "tourism": "viewpoint"
      },
      "geometry": {
        "type": "Point",
        "coordinates": [
          76.4370295,
          15.361028
        ]
      },
      "id": "node/6926606386"
    },
    {
      "type": "Feature",
      "properties": {
        "@id": "node/7463460602",
        "addr:city": "Hosapete",
        "addr:postcode": "583201",
        "addr:street": "Thirumala Nagar Extension",
        "leisure": "park",
        "name": "Children Park",
        "operator": "Muncipality"
      },
      "geometry": {
        "type": "Point",
        "coordinates": [
          76.3754463,
          15.2760297
        ]
      },
      "id": "node/7463460602"
    },
    {
      "type": "Feature",
      "properties": {
        "@id": "node/8196834172",
        "addr:full": "Hirejantkal, Gangavathi, Karnataka",
        "addr:state": "Karnataka",
        "amenity": "place_of_worship",
        "name": "Jamiya Masjid",
        "name:kn": "ಜಮ ಮಸೀದಿ",
        "religion": "muslim"
      },
      "geometry": {
        "type": "Point",
        "coordinates": [
          76.5410007,
          15.4166318
        ]
      },
      "id": "node/8196834172"
    },
    {
      "type": "Feature",
      "properties": {
        "@id": "node/8196834178",
        "addr:full": "indranagar, Maruthi Nagar, Kampli, Karnataka",
        "addr:state": "Karnataka",
        "amenity": "place_of_worship",
        "name": "Masjid E Mohammadiya",
        "religion": "muslim"
      },
      "geometry": {
        "type": "Point",
        "coordinates": [
          76.6074169,
          15.4082184
        ]
      },
      "id": "node/8196834178"
    },
    {
      "type": "Feature",
      "properties": {
        "@id": "node/8196834183",
        "addr:full": "Markaz, SN Pet 6th Ln, Maruthi Nagar, Kampli, Karnataka",
        "addr:state": "Karnataka",
        "amenity": "place_of_worship",
        "name": "Madina Masjid",
        "name:kn": "ಮದೀನ ಮಸೀದಿ",
        "religion": "muslim"
      },
      "geometry": {
        "type": "Point",
        "coordinates": [
          76.6071527,
          15.4036279
        ]
      },
      "id": "node/8196834183"
    },
    {
      "type": "Feature",
      "properties": {
        "@id": "node/8196834187",
        "addr:full": "Emmiganur, Karnataka",
        "addr:state": "Karnataka",
        "amenity": "place_of_worship",
        "name": "Masjid-E-Bilaal",
        "name:kn": "ಮಸ್ಜಿದ್ ಇ ಬಿಲಾಲ್",
        "religion": "muslim"
      },
      "geometry": {
        "type": "Point",
        "coordinates": [
          76.7043496,
          15.4010562
        ]
      },
      "id": "node/8196834187"
    },
    {
      "type": "Feature",
      "properties": {
        "@id": "node/8196834192",
        "addr:full": "Ballari, Karnataka",
        "addr:state": "Karnataka",
        "amenity": "place_of_worship",
        "name": "Farooqiya Masjid",
        "religion": "muslim"
      },
      "geometry": {
        "type": "Point",
        "coordinates": [
          76.6116732,
          15.3985282
        ]
      },
      "id": "node/8196834192"
    },
    {
      "type": "Feature",
      "properties": {
        "@id": "node/8196834193",
        "addr:full": "Emmiganur, Karnataka",
        "addr:state": "Karnataka",
        "amenity": "place_of_worship",
        "name": "Masjid-e-bilaal",
        "name:kn": "ಮಸ್ಜಿದ್ ಇ ಬಿಲಾಲ್",
        "religion": "muslim"
      },
      "geometry": {
        "type": "Point",
        "coordinates": [
          76.7062336,
          15.3980854
        ]
      },
      "id": "node/8196834193"
    },
    {
      "type": "Feature",
      "properties": {
        "@id": "node/8196834216",
        "addr:full": "Krishnapur, Karnataka",
        "addr:state": "Karnataka",
        "amenity": "place_of_worship",
        "name": "Eidgah",
        "name:kn": "ಇದ್ಗಾ",
        "religion": "muslim"
      },
      "geometry": {
        "type": "Point",
        "coordinates": [
          76.5039437,
          15.3773552
        ]
      },
      "id": "node/8196834216"
    },
    {
      "type": "Feature",
      "properties": {
        "@id": "node/8196834247",
        "addr:full": "Kurugodu, Karnataka",
        "addr:state": "Karnataka",
        "amenity": "place_of_worship",
        "name": "Sunni Jamia Masjid",
        "name:kn": "ಜಮ ಮಸೀದಿ",
        "religion": "muslim"
      },
      "geometry": {
        "type": "Point",
        "coordinates": [
          76.8344579,
          15.3484315
        ]
      },
      "id": "node/8196834247"
    },
    {
      "type": "Feature",
      "properties": {
        "@id": "node/8196834354",
        "addr:full": "Seetharama Tanda, Karnataka",
        "addr:state": "Karnataka",
        "amenity": "place_of_worship",
        "name": "Mustafa Masjid",
        "name:kn": "ಮುಸ್ತಫ ಮಸೀದಿ",
        "religion": "muslim"
      },
      "geometry": {
        "type": "Point",
        "coordinates": [
          76.5075358,
          15.3110869
        ]
      },
      "id": "node/8196834354"
    },
    {
      "type": "Feature",
      "properties": {
        "@id": "node/8196834361",
        "addr:full": "Kamalapur, Karnataka",
        "addr:state": "Karnataka",
        "amenity": "place_of_worship",
        "name": "Noorani Masjid",
        "name:kn": "ನೂರಾನಿ ಮಸೀದಿ",
        "religion": "muslim"
      },
      "geometry": {
        "type": "Point",
        "coordinates": [
          76.4776894,
          15.3049399
        ]
      },
      "id": "node/8196834361"
    },
    {
      "type": "Feature",
      "properties": {
        "@id": "node/8196834378",
        "addr:full": "Munirabad, Karnataka",
        "addr:state": "Karnataka",
        "amenity": "place_of_worship",
        "name": "Eidgah",
        "name:kn": "ಇದ್ಗಾ",
        "religion": "muslim"
      },
      "geometry": {
        "type": "Point",
        "coordinates": [
          76.3184497,
          15.2826728
        ]
      },
      "id": "node/8196834378"
    },
    {
      "type": "Feature",
      "properties": {
        "@id": "node/8196834386",
        "addr:full": "Munirabad, Karnataka",
        "addr:state": "Karnataka",
        "amenity": "place_of_worship",
        "name": "Jamia Masjid",
        "name:kn": "ಜಮ ಮಸೀದಿ",
        "religion": "muslim"
      },
      "geometry": {
        "type": "Point",
        "coordinates": [
          76.3293006,
          15.2778276
        ]
      },
      "id": "node/8196834386"
    },
    {
      "type": "Feature",
      "properties": {
        "@id": "node/8196834391",
        "addr:full": "Mannahalli, Karnataka",
        "addr:state": "Karnataka",
        "amenity": "place_of_worship",
        "name": "Mavinahalli mosque",
        "name:kn": "ಮಾವಿನಹಳ್ಳಿ ಮಸೀದಿ",
        "religion": "muslim"
      },
      "geometry": {
        "type": "Point",
        "coordinates": [
          76.6958738,
          15.2766393
        ]
      },
      "id": "node/8196834391"
    },
    {
      "type": "Feature",
      "properties": {
        "@id": "node/8196834402",
        "addr:full": "MVS Area, Arvind Nagar, JP Nagar, Hosapete, Karnataka",
        "addr:state": "Karnataka",
        "amenity": "place_of_worship",
        "name": "Quba Masjid",
        "name:kn": "ಕುಬ ಮಸೀದಿ",
        "religion": "muslim"
      },
      "geometry": {
        "type": "Point",
        "coordinates": [
          76.4000415,
          15.2705196
        ]
      },
      "id": "node/8196834402"
    },
    {
      "type": "Feature",
      "properties": {
        "@id": "node/8196834404",
        "addr:full": "Hosapete, Karnataka",
        "addr:state": "Karnataka",
        "amenity": "place_of_worship",
        "name": "Momina Masjid",
        "name:kn": "ಮೋಮಿನ ಮಸೀದಿ",
        "religion": "muslim"
      },
      "geometry": {
        "type": "Point",
        "coordinates": [
          76.3892658,
          15.2700839
        ]
      },
      "id": "node/8196834404"
    },
    {
      "type": "Feature",
      "properties": {
        "@id": "node/8196834410",
        "addr:full": "Chapparadahalli, Hosapete, Karnataka",
        "addr:state": "Karnataka",
        "amenity": "place_of_worship",
        "name": "Madina Masjid",
        "name:kn": "ಮದೀನ ಮಸೀದಿ",
        "religion": "muslim"
      },
      "geometry": {
        "type": "Point",
        "coordinates": [
          76.3843094,
          15.2686553
        ]
      },
      "id": "node/8196834410"
    },
    {
      "type": "Feature",
      "properties": {
        "@id": "node/8196834417",
        "addr:full": "Hosapete, Karnataka",
        "addr:state": "Karnataka",
        "amenity": "place_of_worship",
        "name": "Tayyaba Masjid",
        "name:kn": "ತಯ್ಯಬ ಮಸೀದಿ",
        "religion": "muslim"
      },
      "geometry": {
        "type": "Point",
        "coordinates": [
          76.3777966,
          15.2641203
        ]
      },
      "id": "node/8196834417"
    },
    {
      "type": "Feature",
      "properties": {
        "@id": "node/8196834423",
        "addr:full": "Hosapete, Karnataka",
        "addr:state": "Karnataka",
        "amenity": "place_of_worship",
        "name": "Jamia Masjid",
        "name:kn": "ಜಮ ಮಸೀದಿ",
        "religion": "muslim"
      },
      "geometry": {
        "type": "Point",
        "coordinates": [
          76.3526244,
          15.2602718
        ]
      },
      "id": "node/8196834423"
    },
    {
      "type": "Feature",
      "properties": {
        "@id": "node/8196834429",
        "addr:full": "Maddapura, Karnataka",
        "addr:state": "Karnataka",
        "amenity": "place_of_worship",
        "name": "Jamia Masjid",
        "name:kn": "ಜಮ ಮಸೀದಿ",
        "religion": "muslim"
      },
      "geometry": {
        "type": "Point",
        "coordinates": [
          76.6890955,
          15.2554701
        ]
      },
      "id": "node/8196834429"
    },
    {
      "type": "Feature",
      "properties": {
        "@id": "node/8196834432",
        "addr:full": "Bellary - Hubli Rd, Kariganuru, Karnataka",
        "addr:state": "Karnataka",
        "amenity": "place_of_worship",
        "name": "Kariganuru Masjid",
        "name:kn": "ಕಾರಿಗನೂರು ಮಸೀದಿ",
        "religion": "muslim"
      },
      "geometry": {
        "type": "Point",
        "coordinates": [
          76.4269994,
          15.2530047
        ]
      },
      "id": "node/8196834432"
    },
    {
      "type": "Feature",
      "properties": {
        "@id": "node/8196834439",
        "addr:full": "Byluvadigeri, Karnataka",
        "addr:state": "Karnataka",
        "amenity": "place_of_worship",
        "name": "Jamia Masjid",
        "name:kn": "ಜಮ ಮಸೀದಿ",
        "religion": "muslim",
        "wheelchair": "no"
      },
      "geometry": {
        "type": "Point",
        "coordinates": [
          76.5233352,
          15.2435106
        ]
      },
      "id": "node/8196834439"
    },
    {
      "type": "Feature",
      "properties": {
        "@id": "node/8196834440",
        "addr:full": "Somasamudra, Karnataka",
        "addr:state": "Karnataka",
        "amenity": "place_of_worship",
        "name": "Darga",
        "name:kn": "ದರ್ಗ",
        "religion": "muslim"
      },
      "geometry": {
        "type": "Point",
        "coordinates": [
          76.8995207,
          15.2400381
        ]
      },
      "id": "node/8196834440"
    },
    {
      "type": "Feature",
      "properties": {
        "@id": "node/8196834449",
        "addr:full": "Sridhargadda - Laxmi Nagar Camp Rd, Lakshmi Nagar Camp, Karnataka",
        "addr:state": "Karnataka",
        "amenity": "place_of_worship",
        "name": "Sunni Jamia Masjid",
        "name:kn": "ಜಮ ಮಸೀದಿ",
        "religion": "muslim"
      },
      "geometry": {
        "type": "Point",
        "coordinates": [
          76.9368056,
          15.2094439
        ]
      },
      "id": "node/8196834449"
    },
    {
      "type": "Feature",
      "properties": {
        "@id": "node/8196834457",
        "addr:full": "Baba Nagar, Toranagallu, Karnataka",
        "addr:state": "Karnataka",
        "amenity": "place_of_worship",
        "name": "Masjid-e Sattar Shah",
        "religion": "muslim"
      },
      "geometry": {
        "type": "Point",
        "coordinates": [
          76.6570676,
          15.2014208
        ]
      },
      "id": "node/8196834457"
    },
    {
      "type": "Feature",
      "properties": {
        "@id": "node/8196834458",
        "addr:full": "NH67, Shankar Hill Town, Toranagallu, Karnataka",
        "addr:state": "Karnataka",
        "amenity": "place_of_worship",
        "name": "Madina Masjid",
        "name:kn": "ಮದೀನ ಮಸೀದಿ",
        "religion": "muslim"
      },
      "geometry": {
        "type": "Point",
        "coordinates": [
          76.658485,
          15.1999593
        ]
      },
      "id": "node/8196834458"
    },
    {
      "type": "Feature",
      "properties": {
        "@id": "node/8196834476",
        "addr:full": "Allum Karibasappa Colony, Sidiginamola, Ballari, Karnataka",
        "addr:state": "Karnataka",
        "amenity": "place_of_worship",
        "name": "Mehaboobia Mosque",
        "religion": "muslim"
      },
      "geometry": {
        "type": "Point",
        "coordinates": [
          76.9482811,
          15.1605166
        ]
      },
      "id": "node/8196834476"
    },
    {
      "type": "Feature",
      "properties": {
        "@id": "node/8196834481",
        "addr:full": "Tilak Nagar, Cantonment, Ballari, Karnataka",
        "addr:state": "Karnataka",
        "amenity": "place_of_worship",
        "name": "Taha Masjid Ahle Hadees Ballari",
        "religion": "muslim"
      },
      "geometry": {
        "type": "Point",
        "coordinates": [
          76.8861775,
          15.1533868
        ]
      },
      "id": "node/8196834481"
    },
    {
      "type": "Feature",
      "properties": {
        "@id": "node/8196834485",
        "addr:full": "Devi Nagar, Devi Nagar, Ballari, Karnataka",
        "addr:state": "Karnataka",
        "amenity": "place_of_worship",
        "name": "Makkah Masjid",
        "name:kn": "ಮಕ್ಕಾ ಮಸೀದಿ",
        "religion": "muslim"
      },
      "geometry": {
        "type": "Point",
        "coordinates": [
          76.9163293,
          15.1503771
        ]
      },
      "id": "node/8196834485"
    },
    {
      "type": "Feature",
      "properties": {
        "@id": "node/8196834493",
        "addr:full": "kanaka durga street. Radio park., Radio Park Cowl Bazar, Cowl Bazaar, Balleri, Karnataka",
        "addr:state": "Karnataka",
        "amenity": "place_of_worship",
        "name": "Sara Bee Jamath Masjid.",
        "religion": "muslim"
      },
      "geometry": {
        "type": "Point",
        "coordinates": [
          76.9046821,
          15.1424128
        ]
      },
      "id": "node/8196834493"
    },
    {
      "type": "Feature",
      "properties": {
        "@id": "node/8196834498",
        "addr:full": "Near Vadarbanda Rupungudi Road, Gold Smith Street, Old Katte Gudda, Cowl Bazaar, Ballari, Karnataka",
        "addr:state": "Karnataka",
        "amenity": "place_of_worship",
        "name": "Masjid-e-Ibrahim",
        "name:kn": "ಮಸ್ಜಿದ್ ಇ ಇಬ್ರಾಹೀಂ",
        "name:ur": "مسجد ابراہیم",
        "religion": "muslim"
      },
      "geometry": {
        "type": "Point",
        "coordinates": [
          76.9293329,
          15.1399403
        ]
      },
      "id": "node/8196834498"
    },
    {
      "type": "Feature",
      "properties": {
        "@id": "node/8196834499",
        "addr:full": "Radio Park Cowl Bazar, ಕೌಲ್ ಬಜಾರ್, Ballari, Karnataka",
        "addr:state": "Karnataka",
        "amenity": "place_of_worship",
        "name": "Masjid e Bilal",
        "name:kn": "ಮಸ್ಜಿದ್ ಇ ಬಿಲಾಲ್",
        "religion": "muslim"
      },
      "geometry": {
        "type": "Point",
        "coordinates": [
          76.9054593,
          15.1398639
        ]
      },
      "id": "node/8196834499"
    },
    {
      "type": "Feature",
      "properties": {
        "@id": "node/8196834501",
        "addr:full": "Radio Park Cowl Bazar, ಕೌಲ್ ಬಜಾರ್, Ballari, Karnataka",
        "addr:state": "Karnataka",
        "amenity": "place_of_worship",
        "name": "Pakali Masjeed. Cowl Bazar.",
        "religion": "muslim"
      },
      "geometry": {
        "type": "Point",
        "coordinates": [
          76.9062853,
          15.1395072
        ]
      },
      "id": "node/8196834501"
    },
    {
      "type": "Feature",
      "properties": {
        "@id": "node/8196834507",
        "addr:full": "Abdus Salam St, Radio Park Cowl Bazar, Cowl Bazaar, Ballari, Karnataka",
        "addr:state": "Karnataka",
        "amenity": "place_of_worship",
        "name": "Masjid Abdussalaam Rahimahullaah",
        "religion": "muslim"
      },
      "geometry": {
        "type": "Point",
        "coordinates": [
          76.8993766,
          15.1382188
        ]
      },
      "id": "node/8196834507"
    },
    {
      "type": "Feature",
      "properties": {
        "@id": "node/8196834511",
        "addr:full": "Jawans Rd, Cowl Bazaar, Ballari, Karnataka",
        "addr:state": "Karnataka",
        "amenity": "place_of_worship",
        "name": "Khuni Thana Masjid",
        "religion": "muslim"
      },
      "geometry": {
        "type": "Point",
        "coordinates": [
          76.899032,
          15.1367038
        ]
      },
      "id": "node/8196834511"
    },
    {
      "type": "Feature",
      "properties": {
        "@id": "node/8196834520",
        "addr:full": "Bangalore Rd, Cowl Bazaar, Ballari, Karnataka",
        "addr:state": "Karnataka",
        "amenity": "place_of_worship",
        "name": "Madeena Masjid",
        "name:kn": "ಮದೀನ ಮಸೀದಿ",
        "name:ur": "مدینہ مسجد",
        "religion": "muslim"
      },
      "geometry": {
        "type": "Point",
        "coordinates": [
          76.9212632,
          15.1335234
        ]
      },
      "id": "node/8196834520"
    },
    {
      "type": "Feature",
      "properties": {
        "@id": "node/8196834525",
        "addr:full": "Cowl Bazaar, Ballari, Karnataka",
        "addr:state": "Karnataka",
        "amenity": "place_of_worship",
        "name": "Madeena Masjid",
        "name:kn": "ಮದೀನ ಮಸೀದಿ",
        "religion": "muslim"
      },
      "geometry": {
        "type": "Point",
        "coordinates": [
          76.9019758,
          15.1328256
        ]
      },
      "id": "node/8196834525"
    },
    {
      "type": "Feature",
      "properties": {
        "@id": "node/8196834529",
        "addr:full": "UHTC Ranithota, Ballari, Karnataka",
        "addr:state": "Karnataka",
        "amenity": "place_of_worship",
        "name": "Masjid E Mustafa",
        "religion": "muslim"
      },
      "geometry": {
        "type": "Point",
        "coordinates": [
          76.9341287,
          15.1316081
        ]
      },
      "id": "node/8196834529"
    },
    {
      "type": "Feature",
      "properties": {
        "@id": "node/8196834553",
        "addr:full": "Dowlatpur, Karnataka",
        "addr:state": "Karnataka",
        "amenity": "place_of_worship",
        "name": "Dowlathpur Masjid",
        "religion": "muslim"
      },
      "geometry": {
        "type": "Point",
        "coordinates": [
          76.5345393,
          15.1050216
        ]
      },
      "id": "node/8196834553"
    },
    {
      "type": "Feature",
      "properties": {
        "@id": "node/8196834561",
        "addr:full": "Sandur, Karnataka",
        "addr:state": "Karnataka",
        "amenity": "place_of_worship",
        "name": "Noorani Masjid",
        "name:kn": "ನೂರಾನಿ ಮಸೀದಿ",
        "religion": "muslim"
      },
      "geometry": {
        "type": "Point",
        "coordinates": [
          76.5447444,
          15.0842797
        ]
      },
      "id": "node/8196834561"
    },
    {
      "type": "Feature",
      "properties": {
        "@id": "node/8196834566",
        "addr:full": "Sandur, Karnataka",
        "addr:state": "Karnataka",
        "amenity": "place_of_worship",
        "name": "Jamia Masjid",
        "name:kn": "ಜಮ ಮಸೀದಿ",
        "religion": "muslim"
      },
      "geometry": {
        "type": "Point",
        "coordinates": [
          76.538525,
          15.0783247
        ]
      },
      "id": "node/8196834566"
    },
    {
      "type": "Feature",
      "properties": {
        "@id": "node/8196834568",
        "addr:full": "Mincheri, Karnataka",
        "addr:state": "Karnataka",
        "amenity": "place_of_worship",
        "name": "Madeena Masjid",
        "name:kn": "ಮದೀನ ಮಸೀದಿ",
        "religion": "muslim"
      },
      "geometry": {
        "type": "Point",
        "coordinates": [
          76.913405,
          15.0581863
        ]
      },
      "id": "node/8196834568"
    },
    {
      "type": "Feature",
      "properties": {
        "@id": "node/8399895582",
        "amenity": "place_of_worship",
        "name": "CSI All Souls Telugu",
        "religion": "christian"
      },
      "geometry": {
        "type": "Point",
        "coordinates": [
          76.9174277,
          15.1460008
        ]
      },
      "id": "node/8399895582"
    },
    {
      "type": "Feature",
      "properties": {
        "@id": "node/8399898205",
        "addr:city": "Bellary City",
        "addr:postcode": "583104",
        "addr:street": "Fort Main Road",
        "amenity": "place_of_worship",
        "denomination": "protestant",
        "name": "CSI Telugu Church",
        "religion": "christian"
      },
      "geometry": {
        "type": "Point",
        "coordinates": [
          76.9145821,
          15.1434786
        ]
      },
      "id": "node/8399898205"
    },
    {
      "type": "Feature",
      "properties": {
        "@id": "node/8399902600",
        "amenity": "place_of_worship",
        "name": "CSI John Hand Memorial Kannada Church",
        "religion": "christian"
      },
      "geometry": {
        "type": "Point",
        "coordinates": [
          76.9226936,
          15.1397155
        ]
      },
      "id": "node/8399902600"
    },
    {
      "type": "Feature",
      "properties": {
        "@id": "node/8399908350",
        "amenity": "place_of_worship",
        "denomination": "protestant",
        "name": "CSI All Souls Tamil Church",
        "religion": "christian"
      },
      "geometry": {
        "type": "Point",
        "coordinates": [
          76.9169971,
          15.1442474
        ]
      },
      "id": "node/8399908350"
    },
    {
      "type": "Feature",
      "properties": {
        "@id": "node/8399919764",
        "amenity": "place_of_worship",
        "denomination": "protestant",
        "name": "CSI Holy Trinity English Church",
        "religion": "christian"
      },
      "geometry": {
        "type": "Point",
        "coordinates": [
          76.9175372,
          15.1470207
        ]
      },
      "id": "node/8399919764"
    },
    {
      "type": "Feature",
      "properties": {
        "@id": "node/8399922593",
        "addr:city": "Bellary City",
        "addr:postcode": "583104",
        "addr:street": "Fort",
        "amenity": "place_of_worship",
        "denomination": "protestant",
        "name": "Bellary Youth Prayer Fellowship Church",
        "religion": "christian"
      },
      "geometry": {
        "type": "Point",
        "coordinates": [
          76.9184292,
          15.1466985
        ]
      },
      "id": "node/8399922593"
    },
    {
      "type": "Feature",
      "properties": {
        "@id": "node/8400891071",
        "addr:city": "Bellary City",
        "addr:postcode": "583102",
        "addr:street": "Cowl Bazar Main Road",
        "amenity": "place_of_worship",
        "denomination": "catholic",
        "name": "St. Anthony's Cathedral",
        "religion": "christian"
      },
      "geometry": {
        "type": "Point",
        "coordinates": [
          76.8989602,
          15.1401343
        ]
      },
      "id": "node/8400891071"
    },
    {
      "type": "Feature",
      "properties": {
        "@id": "node/8400972000",
        "amenity": "place_of_worship",
        "name": "Christ the King Church",
        "religion": "christian"
      },
      "geometry": {
        "type": "Point",
        "coordinates": [
          76.8991497,
          15.1530524
        ]
      },
      "id": "node/8400972000"
    },
    {
      "type": "Feature",
      "properties": {
        "@id": "node/8400994722",
        "amenity": "place_of_worship",
        "denomination": "catholic",
        "name": "Holy Trinity Church",
        "religion": "christian"
      },
      "geometry": {
        "type": "Point",
        "coordinates": [
          76.9024724,
          15.1564561
        ]
      },
      "id": "node/8400994722"
    },
    {
      "type": "Feature",
      "properties": {
        "@id": "node/8401013555",
        "amenity": "place_of_worship",
        "denomination": "protestant",
        "name": "Full Gospel Assembly of God Church",
        "religion": "christian"
      },
      "geometry": {
        "type": "Point",
        "coordinates": [
          76.8981431,
          15.1649626
        ]
      },
      "id": "node/8401013555"
    },
    {
      "type": "Feature",
      "properties": {
        "@id": "node/8401032450",
        "amenity": "place_of_worship",
        "denomination": "protestant",
        "name": "Church of El-Shaddai",
        "religion": "christian"
      },
      "geometry": {
        "type": "Point",
        "coordinates": [
          76.9062116,
          15.1304641
        ]
      },
      "id": "node/8401032450"
    },
    {
      "type": "Feature",
      "properties": {
        "@id": "node/8431715018",
        "name": "Cliff Jumping Point",
        "tourism": "attraction"
      },
      "geometry": {
        "type": "Point",
        "coordinates": [
          76.4342695,
          15.3577205
        ]
      },
      "id": "node/8431715018"
    },
    {
      "type": "Feature",
      "properties": {
        "@id": "node/9679115817",
        "name": "Little stone beach",
        "tourism": "attraction"
      },
      "geometry": {
        "type": "Point",
        "coordinates": [
          76.4343701,
          15.3576333
        ]
      },
      "id": "node/9679115817"
    },
    {
      "type": "Feature",
      "properties": {
        "@id": "node/9925995126",
        "artwork_type": "bust",
        "check_date": "2022-08-02",
        "tourism": "artwork"
      },
      "geometry": {
        "type": "Point",
        "coordinates": [
          76.4737737,
          15.3033536
        ]
      },
      "id": "node/9925995126"
    },
    {
      "type": "Feature",
      "properties": {
        "@id": "node/9925995620",
        "check_date": "2022-08-02",
        "tourism": "artwork"
      },
      "geometry": {
        "type": "Point",
        "coordinates": [
          76.4794785,
          15.3034843
        ]
      },
      "id": "node/9925995620"
    },
    {
      "type": "Feature",
      "properties": {
        "@id": "node/9925995629",
        "artwork_type": "statue",
        "check_date": "2022-08-02",
        "name": "Dr. Puneeth Rajkumar",
        "tourism": "artwork"
      },
      "geometry": {
        "type": "Point",
        "coordinates": [
          76.3878736,
          15.2756024
        ]
      },
      "id": "node/9925995629"
    },
    {
      "type": "Feature",
      "properties": {
        "@id": "node/10213479017",
        "amenity": "place_of_worship",
        "name": "Gavi Ranganatha Temple",
        "name:en": "Gavi Ranganatha temple",
        "religion": "hindu"
      },
      "geometry": {
        "type": "Point",
        "coordinates": [
          76.4831251,
          15.3573742
        ]
      },
      "id": "node/10213479017"
    },
    {
      "type": "Feature",
      "properties": {
        "@id": "node/10244376573",
        "amenity": "place_of_worship",
        "name": "Ram"
      },
      "geometry": {
        "type": "Point",
        "coordinates": [
          76.929496,
          15.1235173
        ]
      },
      "id": "node/10244376573"
    },
    {
      "type": "Feature",
      "properties": {
        "@id": "node/11263866458",
        "amenity": "place_of_worship",
        "name": "Gavisiddeshwara Temple",
        "religion": "hindu"
      },
      "geometry": {
        "type": "Point",
        "coordinates": [
          76.802847,
          15.0835142
        ]
      },
      "id": "node/11263866458"
    },
    {
      "type": "Feature",
      "properties": {
        "@id": "node/11328697137",
        "amenity": "place_of_worship",
        "name": "Kote Anjaneya Swamy Temple",
        "name:kn": "ಕೋಟೆ ಶ್ರೀ ಆಂಜನೇಯ ದೇವಸ್ಥಾನ"
      },
      "geometry": {
        "type": "Point",
        "coordinates": [
          76.9193931,
          15.1439399
        ]
      },
      "id": "node/11328697137"
    },
    {
      "type": "Feature",
      "properties": {
        "@id": "node/11553723791",
        "name": "Shabari Cave",
        "natural": "cave_entrance",
        "tourism": "attraction"
      },
      "geometry": {
        "type": "Point",
        "coordinates": [
          76.4766723,
          15.3574458
        ]
      },
      "id": "node/11553723791"
    },
    {
      "type": "Feature",
      "properties": {
        "@id": "node/11575804879",
        "name": "Prehistoric Cave Paintings",
        "natural": "cave_entrance",
        "tourism": "attraction"
      },
      "geometry": {
        "type": "Point",
        "coordinates": [
          76.4751756,
          15.3584461
        ]
      },
      "id": "node/11575804879"
    },
    {
      "type": "Feature",
      "properties": {
        "@id": "node/11575813432",
        "name": "Anjanadri Hills Sunset Point",
        "tourism": "viewpoint"
      },
      "geometry": {
        "type": "Point",
        "coordinates": [
          76.4685076,
          15.3553637
        ]
      },
      "id": "node/11575813432"
    },
    {
      "type": "Feature",
      "properties": {
        "@id": "node/11874255569",
        "tourism": "viewpoint"
      },
      "geometry": {
        "type": "Point",
        "coordinates": [
          76.4680698,
          15.3333489
        ]
      },
      "id": "node/11874255569"
    },
    {
      "type": "Feature",
      "properties": {
        "@id": "node/12388104601",
        "historic": "ruins"
      },
      "geometry": {
        "type": "Point",
        "coordinates": [
          76.4763454,
          15.3439959
        ]
      },
      "id": "node/12388104601"
    },
    {
      "type": "Feature",
      "properties": {
        "@id": "node/12393474701",
        "historic": "archaeological_site"
      },
      "geometry": {
        "type": "Point",
        "coordinates": [
          76.457773,
          15.3348859
        ]
      },
      "id": "node/12393474701"
    },
    {
      "type": "Feature",
      "properties": {
        "@id": "node/12484220880",
        "name": "Krauncha Giri",
        "name:kn": "ಕ್ರೌಂಚ ಗಿರಿ",
        "natural": "peak"
      },
      "geometry": {
        "type": "Point",
        "coordinates": [
          76.5649223,
          15.008443
        ]
      },
      "id": "node/12484220880"
    },
    {
      "type": "Feature",
      "properties": {
        "@id": "node/12628402454",
        "amenity": "place_of_worship",
        "denomination": "hindu",
        "name": "Hoovina Bagilu",
        "name:kn": "ಹೂವಿನ ಬಾಗಿಲು",
        "religion": "hindu",
        "source": "aerial imagery;survey;local knowledge"
      },
      "geometry": {
        "type": "Point",
        "coordinates": [
          76.4649743,
          15.3152483
        ]
      },
      "id": "node/12628402454"
    },
    {
      "type": "Feature",
      "properties": {
        "@id": "node/12628402455",
        "access": "yes",
        "historic": "ruins",
        "historic:civilization": "medieval",
        "name": "Koteshankara Gateway",
        "source": "survey;aerial imagery;local knowledge"
      },
      "geometry": {
        "type": "Point",
        "coordinates": [
          76.4617274,
          15.3190388
        ]
      },
      "id": "node/12628402455"
    },
    {
      "type": "Feature",
      "properties": {
        "@id": "node/12628402456",
        "historic": "ruins",
        "name": "Tenali Rama Pavilion",
        "name:kn": "ತೆನಾಲಿ ರಾಮ ಮಂಟಪ",
        "ruins": "building"
      },
      "geometry": {
        "type": "Point",
        "coordinates": [
          76.4696469,
          15.3224767
        ]
      },
      "id": "node/12628402456"
    },
    {
      "type": "Feature",
      "properties": {
        "@id": "node/12628402457",
        "artwork_type": "sculpture",
        "description": "Carved stone figure (Hanuman)",
        "material": "stone",
        "tourism": "artwork"
      },
      "geometry": {
        "type": "Point",
        "coordinates": [
          76.4679362,
          15.3238475
        ]
      },
      "id": "node/12628402457"
    },
    {
      "type": "Feature",
      "properties": {
        "@id": "node/12628402458",
        "artwork_type": "sculpture",
        "description": "Carved stone figure (Ganesha)",
        "material": "stone",
        "tourism": "artwork"
      },
      "geometry": {
        "type": "Point",
        "coordinates": [
          76.4679412,
          15.3247217
        ]
      },
      "id": "node/12628402458"
    },
    {
      "type": "Feature",
      "properties": {
        "@id": "node/12628402459",
        "artwork_type": "sculpture",
        "material": "stone",
        "name": "Carved stone figures (Ganesha)",
        "source": "survey;local knowledge",
        "tourism": "artwork"
      },
      "geometry": {
        "type": "Point",
        "coordinates": [
          76.4712601,
          15.3291579
        ]
      },
      "id": "node/12628402459"
    },
    {
      "type": "Feature",
      "properties": {
        "@id": "node/12628402460",
        "artwork_type": "sculpture",
        "material": "stone",
        "name": "carved stone figure",
        "source": "survey;local knowledge",
        "tourism": "artwork"
      },
      "geometry": {
        "type": "Point",
        "coordinates": [
          76.4744913,
          15.3311699
        ]
      },
      "id": "node/12628402460"
    },
    {
      "type": "Feature",
      "properties": {
        "@id": "node/12628402461",
        "artwork_type": "sculpture",
        "material": "rock",
        "note": "carved stone figure",
        "source": "survey;local knowledge",
        "tourism": "artwork"
      },
      "geometry": {
        "type": "Point",
        "coordinates": [
          76.4855597,
          15.3343657
        ]
      },
      "id": "node/12628402461"
    },
    {
      "type": "Feature",
      "properties": {
        "@id": "node/12628402474",
        "artwork_type": "sculpture",
        "description": "Carved stone figure (Vishnu)",
        "material": "rock",
        "source": "survey;local knowledge",
        "tourism": "artwork"
      },
      "geometry": {
        "type": "Point",
        "coordinates": [
          76.4680653,
          15.3310124
        ]
      },
      "id": "node/12628402474"
    },
    {
      "type": "Feature",
      "properties": {
        "@id": "node/12628402475",
        "artwork_type": "sculpture",
        "description": "Carved stone figure (Nandu)",
        "material": "rock",
        "source": "survey;local knowledge",
        "tourism": "artwork"
      },
      "geometry": {
        "type": "Point",
        "coordinates": [
          76.46801,
          15.3308493
        ]
      },
      "id": "node/12628402475"
    },
    {
      "type": "Feature",
      "properties": {
        "@id": "node/12628402476",
        "artwork_type": "sculpture",
        "description": "carved stone figure",
        "material": "rock",
        "source": "survey;local knowledge",
        "tourism": "artwork"
      },
      "geometry": {
        "type": "Point",
        "coordinates": [
          76.4699072,
          15.3335925
        ]
      },
      "id": "node/12628402476"
    },
    {
      "type": "Feature",
      "properties": {
        "@id": "node/12628402477",
        "artwork_type": "sculpture",
        "description": "carved stone figure (snake)",
        "material": "rock",
        "source": "survey;local knowledge",
        "tourism": "artwork"
      },
      "geometry": {
        "type": "Point",
        "coordinates": [
          76.4697034,
          15.3314353
        ]
      },
      "id": "node/12628402477"
    },
    {
      "type": "Feature",
      "properties": {
        "@id": "node/12628423704",
        "historic": "stone",
        "name": "Lamp Stand",
        "source": "survey"
      },
      "geometry": {
        "type": "Point",
        "coordinates": [
          76.4714534,
          15.3373684
        ]
      },
      "id": "node/12628423704"
    },
    {
      "type": "Feature",
      "properties": {
        "@id": "node/12628423705",
        "artwork_type": "sculpture",
        "material": "rock",
        "name": "carved stone figure",
        "source": "survey",
        "tourism": "artwork"
      },
      "geometry": {
        "type": "Point",
        "coordinates": [
          76.4714198,
          15.3378376
        ]
      },
      "id": "node/12628423705"
    },
    {
      "type": "Feature",
      "properties": {
        "@id": "node/12628423706",
        "artwork_type": "sculpture",
        "material": "rock",
        "name": "Vishnu Dashavatra Bas-Relief carvings",
        "source": "survey",
        "tourism": "artwork"
      },
      "geometry": {
        "type": "Point",
        "coordinates": [
          76.4692791,
          15.3387412
        ]
      },
      "id": "node/12628423706"
    },
    {
      "type": "Feature",
      "properties": {
        "@id": "node/12628423707",
        "artwork_type": "sculpture",
        "material": "rock",
        "name": "Carved Lingas",
        "source": "survey",
        "tourism": "artwork"
      },
      "geometry": {
        "type": "Point",
        "coordinates": [
          76.468756,
          15.3387159
        ]
      },
      "id": "node/12628423707"
    },
    {
      "type": "Feature",
      "properties": {
        "@id": "node/12628423708",
        "amenity": "place_of_worship",
        "denomination": "hindu",
        "name": "Temple",
        "religion": "hindu",
        "source": "survey"
      },
      "geometry": {
        "type": "Point",
        "coordinates": [
          76.468573,
          15.3389285
        ]
      },
      "id": "node/12628423708"
    },
    {
      "type": "Feature",
      "properties": {
        "@id": "node/12628423709",
        "artwork_type": "sculpture",
        "material": "rock",
        "name": "carved stone figures (prayers)",
        "source": "survey",
        "tourism": "artwork"
      },
      "geometry": {
        "type": "Point",
        "coordinates": [
          76.4686925,
          15.3386907
        ]
      },
      "id": "node/12628423709"
    },
    {
      "type": "Feature",
      "properties": {
        "@id": "node/12628423710",
        "artwork_type": "sculpture",
        "material": "rock",
        "name": "carved stone figure (Nandu)",
        "source": "survey",
        "tourism": "artwork"
      },
      "geometry": {
        "type": "Point",
        "coordinates": [
          76.467964,
          15.3387123
        ]
      },
      "id": "node/12628423710"
    },
    {
      "type": "Feature",
      "properties": {
        "@id": "node/12628423711",
        "artwork_type": "sculpture",
        "material": "rock",
        "name": "carved stone figures (prayers)",
        "source": "survey",
        "tourism": "artwork"
      },
      "geometry": {
        "type": "Point",
        "coordinates": [
          76.4690437,
          15.3395809
        ]
      },
      "id": "node/12628423711"
    },
    {
      "type": "Feature",
      "properties": {
        "@id": "node/12628423752",
        "artwork_type": "sculpture",
        "material": "rock",
        "name": "carved stone figure",
        "source": "survey",
        "tourism": "artwork"
      },
      "geometry": {
        "type": "Point",
        "coordinates": [
          76.4697274,
          15.3381433
        ]
      },
      "id": "node/12628423752"
    },
    {
      "type": "Feature",
      "properties": {
        "@id": "node/12628423753",
        "artwork_type": "sculpture",
        "material": "rock",
        "name": "carved stone figure",
        "source": "survey",
        "tourism": "artwork"
      },
      "geometry": {
        "type": "Point",
        "coordinates": [
          76.4686147,
          15.3390443
        ]
      },
      "id": "node/12628423753"
    },
    {
      "type": "Feature",
      "properties": {
        "@id": "node/12628423767",
        "historic": "yes"
      },
      "geometry": {
        "type": "Point",
        "coordinates": [
          76.4718639,
          15.3373244
        ]
      },
      "id": "node/12628423767"
    },
    {
      "type": "Feature",
      "properties": {
        "@id": "node/12628423768",
        "amenity": "place_of_worship",
        "name": "Temple",
        "religion": "hindu"
      },
      "geometry": {
        "type": "Point",
        "coordinates": [
          76.473338,
          15.3398145
        ]
      },
      "id": "node/12628423768"
    },
    {
      "type": "Feature",
      "properties": {
        "@id": "node/12628423769",
        "amenity": "place_of_worship",
        "name": "Temple",
        "religion": "hindu"
      },
      "geometry": {
        "type": "Point",
        "coordinates": [
          76.4735285,
          15.3396614
        ]
      },
      "id": "node/12628423769"
    },
    {
      "type": "Feature",
      "properties": {
        "@id": "node/12628423770",
        "artwork_type": "sculpture",
        "material": "rock",
        "note": "carved stone figure (prayers)",
        "source": "survey",
        "tourism": "artwork"
      },
      "geometry": {
        "type": "Point",
        "coordinates": [
          76.4734725,
          15.3397479
        ]
      },
      "id": "node/12628423770"
    },
    {
      "type": "Feature",
      "properties": {
        "@id": "node/12628423771",
        "archaeological_site": "souterrain",
        "description": "Small water-tank with a carved stone figure",
        "historic": "archaeological_site"
      },
      "geometry": {
        "type": "Point",
        "coordinates": [
          76.4744119,
          15.3407539
        ]
      },
      "id": "node/12628423771"
    },
    {
      "type": "Feature",
      "properties": {
        "@id": "node/12633733341",
        "historic": "archaeological_site",
        "name": "Ruined Temple",
        "source": "survey"
      },
      "geometry": {
        "type": "Point",
        "coordinates": [
          76.470363,
          15.3347735
        ]
      },
      "id": "node/12633733341"
    },
    {
      "type": "Feature",
      "properties": {
        "@id": "node/12633733390",
        "historic": "archaeological_site",
        "name": "Small Temple (no-named)",
        "source": "survey"
      },
      "geometry": {
        "type": "Point",
        "coordinates": [
          76.4712436,
          15.3322391
        ]
      },
      "id": "node/12633733390"
    },
    {
      "type": "Feature",
      "properties": {
        "@id": "node/12635314851",
        "amenity": "place_of_worship",
        "denomination": "hindu",
        "name": "Cave Temple",
        "religion": "hindu",
        "source": "survey"
      },
      "geometry": {
        "type": "Point",
        "coordinates": [
          76.4743441,
          15.3171887
        ]
      },
      "id": "node/12635314851"
    },
    {
      "type": "Feature",
      "properties": {
        "@id": "node/12635314852",
        "historic": "archaeological_site",
        "name": "Palace Ruins (possibly an ancient guest house)",
        "source": "survey"
      },
      "geometry": {
        "type": "Point",
        "coordinates": [
          76.4748938,
          15.3174146
        ]
      },
      "id": "node/12635314852"
    },
    {
      "type": "Feature",
      "properties": {
        "@id": "node/12635314867",
        "check_date": "2024-11-16",
        "historic": "archaeological_site",
        "name": "Palace Ruins",
        "source": "survey"
      },
      "geometry": {
        "type": "Point",
        "coordinates": [
          76.4747262,
          15.3172743
        ]
      },
      "id": "node/12635314867"
    },
    {
      "type": "Feature",
      "properties": {
        "@id": "node/12635368958",
        "check_date": "2024-11-16",
        "historic": "city_gate",
        "name": "Upparige Bagilu",
        "name:kn": "ಉಪ್ಪರಿಗೆ ಬಾಗಿಲು",
        "source": "survey"
      },
      "geometry": {
        "type": "Point",
        "coordinates": [
          76.4777649,
          15.3160312
        ]
      },
      "id": "node/12635368958"
    },
    {
      "type": "Feature",
      "properties": {
        "@id": "node/12637144636",
        "artwork_type": "sculpture",
        "material": "rock",
        "name": "Shiva Lingas",
        "source": "survey",
        "tourism": "artwork"
      },
      "geometry": {
        "type": "Point",
        "coordinates": [
          76.4593919,
          15.3331198
        ]
      },
      "id": "node/12637144636"
    },
    {
      "type": "Feature",
      "properties": {
        "@id": "node/12637144637",
        "description": "Lamp Stand",
        "historic": "yes",
        "source": "survey"
      },
      "geometry": {
        "type": "Point",
        "coordinates": [
          76.4594407,
          15.3327818
        ]
      },
      "id": "node/12637144637"
    },
    {
      "type": "Feature",
      "properties": {
        "@id": "node/12637144646",
        "description": "Lamp Stand",
        "historic": "yes",
        "source": "survey"
      },
      "geometry": {
        "type": "Point",
        "coordinates": [
          76.4596991,
          15.3327709
        ]
      },
      "id": "node/12637144646"
    },
    {
      "type": "Feature",
      "properties": {
        "@id": "node/12637144647",
        "artwork_type": "sculpture",
        "material": "rock",
        "name": "Shiva Lingas",
        "source": "survey",
        "tourism": "artwork"
      },
      "geometry": {
        "type": "Point",
        "coordinates": [
          76.4596764,
          15.3329088
        ]
      },
      "id": "node/12637144647"
    },
    {
      "type": "Feature",
      "properties": {
        "@id": "node/12637144665",
        "description": "Lamp Stand",
        "historic": "yes",
        "source": "survey"
      },
      "geometry": {
        "type": "Point",
        "coordinates": [
          76.4592641,
          15.3325094
        ]
      },
      "id": "node/12637144665"
    },
    {
      "type": "Feature",
      "properties": {
        "@id": "node/12637207016",
        "artwork_type": "sculpture",
        "material": "rock",
        "name": "carved rock (snake)",
        "source": "survey",
        "tourism": "artwork"
      },
      "geometry": {
        "type": "Point",
        "coordinates": [
          76.4929427,
          15.3573539
        ]
      },
      "id": "node/12637207016"
    },
    {
      "type": "Feature",
      "properties": {
        "@id": "node/12637207025",
        "artwork_type": "sculpture",
        "material": "rock",
        "name": "carved rock (Ganesha)",
        "source": "survey",
        "tourism": "artwork"
      },
      "geometry": {
        "type": "Point",
        "coordinates": [
          76.4966065,
          15.3622667
        ]
      },
      "id": "node/12637207025"
    },
    {
      "type": "Feature",
      "properties": {
        "@id": "node/12637207026",
        "description": "Ruined Gate",
        "historic": "ruins",
        "name": "Sunkada Bagilu"
      },
      "geometry": {
        "type": "Point",
        "coordinates": [
          76.4966146,
          15.3624894
        ]
      },
      "id": "node/12637207026"
    },
    {
      "type": "Feature",
      "properties": {
        "@id": "node/12766061749",
        "name": "Joladarashi Betta",
        "name:kn": "ಜೋಳದರಾಶಿ ಬೆಟ್ಟ",
        "natural": "peak"
      },
      "geometry": {
        "type": "Point",
        "coordinates": [
          76.3761887,
          15.2526754
        ]
      },
      "id": "node/12766061749"
    },
    {
      "type": "Feature",
      "properties": {
        "@id": "node/13299811748",
        "artwork_type": "statue",
        "name": "Shiva Statue",
        "tourism": "artwork"
      },
      "geometry": {
        "type": "Point",
        "coordinates": [
          76.3391945,
          15.2628806
        ]
      },
      "id": "node/13299811748"
    },
    {
      "type": "Feature",
      "properties": {
        "@id": "node/13386427121",
        "direction": "270",
        "name": "Sunset point Hemakuta Hill",
        "tourism": "viewpoint"
      },
      "geometry": {
        "type": "Point",
        "coordinates": [
          76.4595978,
          15.3324331
        ]
      },
      "id": "node/13386427121"
    },
    {
      "type": "Feature",
      "properties": {
        "@id": "node/13386427186",
        "historic": "ruins"
      },
      "geometry": {
        "type": "Point",
        "coordinates": [
          76.4677752,
          15.3319511
        ]
      },
      "id": "node/13386427186"
    },
    {
      "type": "Feature",
      "properties": {
        "@id": "node/13390806366",
        "historic": "ruins",
        "name": "Durga Temple",
        "name:kn": "ದುರ್ಗಾ ದೇವಸ್ಥಾನ"
      },
      "geometry": {
        "type": "Point",
        "coordinates": [
          76.4587381,
          15.3356624
        ]
      },
      "id": "node/13390806366"
    },
    {
      "type": "Feature",
      "properties": {
        "@id": "node/13390837070",
        "waterway": "waterfall"
      },
      "geometry": {
        "type": "Point",
        "coordinates": [
          76.4405661,
          15.3330616
        ]
      },
      "id": "node/13390837070"
    },
    {
      "type": "Feature",
      "properties": {
        "@id": "node/13390837137",
        "name": "Big",
        "waterway": "waterfall"
      },
      "geometry": {
        "type": "Point",
        "coordinates": [
          76.4384746,
          15.3326673
        ]
      },
      "id": "node/13390837137"
    },
    {
      "type": "Feature",
      "properties": {
        "@id": "node/13641272661",
        "historic": "fort",
        "name": "Kammata Durga Fort"
      },
      "geometry": {
        "type": "Point",
        "coordinates": [
          76.3774849,
          15.4104871
        ]
      },
      "id": "node/13641272661"
    },
    {
      "type": "Feature",
      "properties": {
        "@id": "node/14076530526",
        "artwork_type": "statue",
        "tourism": "artwork"
      },
      "geometry": {
        "type": "Point",
        "coordinates": [
          76.3849728,
          15.2751472
        ]
      },
      "id": "node/14076530526"
    },
    {
      "type": "Feature",
      "properties": {
        "@id": "node/14078033518",
        "amenity": "place_of_worship",
        "building": "temple",
        "name": "Kote Anjaneyaswamy Temple",
        "name:en": "Kote Anjaneyaswamy Temple",
        "name:kn": "ಕೋಟೆ ಆಂಜನೇಯಸ್ವಾಮಿ ದೇವಸ್ಥಾನ",
        "religion": "hindu"
      },
      "geometry": {
        "type": "Point",
        "coordinates": [
          76.4740654,
          15.3108207
        ]
      },
      "id": "node/14078033518"
    },
    {
      "type": "Feature",
      "properties": {
        "@id": "node/14078033536",
        "amenity": "place_of_worship",
        "name": "Anjaneya Temple"
      },
      "geometry": {
        "type": "Point",
        "coordinates": [
          76.4628019,
          15.3189436
        ]
      },
      "id": "node/14078033536"
    },
    {
      "type": "Feature",
      "properties": {
        "@id": "node/14078033543",
        "board_type": "welcome_sign",
        "information": "board",
        "name": "Welcome to Hampi",
        "name:en": "Welcome to Hampi",
        "name:kn": "ಹಂಪಿ ಪಂಪಾ ಕ್ಷೇತ್ರಕ್ಕೆ",
        "tourism": "information"
      },
      "geometry": {
        "type": "Point",
        "coordinates": [
          76.4741357,
          15.3108077
        ]
      },
      "id": "node/14078033543"
    },
    {
      "type": "Feature",
      "properties": {
        "@id": "node/14078036522",
        "information": "board",
        "tourism": "information"
      },
      "geometry": {
        "type": "Point",
        "coordinates": [
          76.4794376,
          15.3414157
        ]
      },
      "id": "node/14078036522"
    },
    {
      "type": "Feature",
      "properties": {
        "@id": "node/14078135205",
        "information": "map",
        "tourism": "information"
      },
      "geometry": {
        "type": "Point",
        "coordinates": [
          76.4763171,
          15.3421843
        ]
      },
      "id": "node/14078135205"
    },
    {
      "type": "Feature",
      "properties": {
        "@id": "node/14078858205",
        "information": "map",
        "tourism": "information"
      },
      "geometry": {
        "type": "Point",
        "coordinates": [
          76.4621738,
          15.3347914
        ]
      },
      "id": "node/14078858205"
    },
    {
      "type": "Feature",
      "properties": {
        "@id": "node/14080202253",
        "board_type": "nature",
        "information": "board",
        "name": "Birds of Hampi",
        "name:en": "Birds of Hampi",
        "name:hi": "हंपी के पक्षी",
        "name:kn": "ಹಂಪಿಯ ಪಕ್ಷಿಗಳು",
        "tourism": "information"
      },
      "geometry": {
        "type": "Point",
        "coordinates": [
          76.4949648,
          15.3519367
        ]
      },
      "id": "node/14080202253"
    },
    {
      "type": "Feature",
      "properties": {
        "@id": "node/14080202281",
        "information": "board",
        "name": "Heritage Houses",
        "name:en": "Heritage Houses",
        "name:hi": "पारंपरिक मकान",
        "name:kn": "ಪಾರಂಪರಿಕ ಮನೆಗಳು",
        "tourism": "information"
      },
      "geometry": {
        "type": "Point",
        "coordinates": [
          76.4933416,
          15.3504821
        ]
      },
      "id": "node/14080202281"
    },
    {
      "type": "Feature",
      "properties": {
        "@id": "node/14080209021",
        "information": "board",
        "name": "Festivals of Hampi and Anegundi",
        "tourism": "information"
      },
      "geometry": {
        "type": "Point",
        "coordinates": [
          76.4936296,
          15.3521016
        ]
      },
      "id": "node/14080209021"
    },
    {
      "type": "Feature",
      "properties": {
        "@id": "node/14080209041",
        "historic": "memorial",
        "name": "Baba Saheb Ambedkar"
      },
      "geometry": {
        "type": "Point",
        "coordinates": [
          76.4937724,
          15.3516149
        ]
      },
      "id": "node/14080209041"
    },
    {
      "type": "Feature",
      "properties": {
        "@id": "node/14080209055",
        "historic": "wayside_shrine",
        "religion": "hindu"
      },
      "geometry": {
        "type": "Point",
        "coordinates": [
          76.4935186,
          15.3504144
        ]
      },
      "id": "node/14080209055"
    },
    {
      "type": "Feature",
      "properties": {
        "@id": "node/14080436579",
        "information": "board",
        "name": "64 Pillared Mandapa",
        "name:en": "64 Pillared Mandapa",
        "name:hi": "६४ स्तम्भों वाला मंडप",
        "name:kn": "೬೪ ಕಂಬಗಳ ಮಂಟಪ",
        "tourism": "information"
      },
      "geometry": {
        "type": "Point",
        "coordinates": [
          76.4948887,
          15.3521171
        ]
      },
      "id": "node/14080436579"
    },
    {
      "type": "Feature",
      "properties": {
        "@id": "node/14080436587",
        "historic": "tomb",
        "religion": "muslim"
      },
      "geometry": {
        "type": "Point",
        "coordinates": [
          76.4980031,
          15.363349
        ]
      },
      "id": "node/14080436587"
    },
    {
      "type": "Feature",
      "properties": {
        "@id": "node/14080643304",
        "artwork_type": "statue",
        "tourism": "artwork"
      },
      "geometry": {
        "type": "Point",
        "coordinates": [
          76.3814991,
          15.2778413
        ]
      },
      "id": "node/14080643304"
    },
    {
      "type": "Feature",
      "properties": {
        "@id": "node/14080643307",
        "artwork_type": "statue",
        "tourism": "artwork"
      },
      "geometry": {
        "type": "Point",
        "coordinates": [
          76.3873081,
          15.2819512
        ]
      },
      "id": "node/14080643307"
    },
    {
      "type": "Feature",
      "properties": {
        "@id": "node/14080643311",
        "artwork_type": "statue",
        "tourism": "artwork"
      },
      "geometry": {
        "type": "Point",
        "coordinates": [
          76.4213248,
          15.2817405
        ]
      },
      "id": "node/14080643311"
    },
    {
      "type": "Feature",
      "properties": {
        "@id": "node/14081295804",
        "historic": "memorial"
      },
      "geometry": {
        "type": "Point",
        "coordinates": [
          76.3637699,
          15.2632743
        ]
      },
      "id": "node/14081295804"
    },
    {
      "type": "Feature",
      "properties": {
        "@id": "node/14109941434",
        "information": "board",
        "name": "Nayaka system",
        "tourism": "information"
      },
      "geometry": {
        "type": "Point",
        "coordinates": [
          76.4718378,
          15.3379064
        ]
      },
      "id": "node/14109941434"
    },
    {
      "type": "Feature",
      "properties": {
        "@id": "node/14109969785",
        "name": "Kampabhupa pathway",
        "tourism": "information"
      },
      "geometry": {
        "type": "Point",
        "coordinates": [
          76.4669909,
          15.3353547
        ]
      },
      "id": "node/14109969785"
    },
    {
      "type": "Feature",
      "properties": {
        "@id": "node/14109971124",
        "name": "Narashima temple",
        "tourism": "information"
      },
      "geometry": {
        "type": "Point",
        "coordinates": [
          76.4711349,
          15.3377719
        ]
      },
      "id": "node/14109971124"
    },
    {
      "type": "Feature",
      "properties": {
        "@id": "node/14109977026",
        "name": "Shivalaya",
        "tourism": "information"
      },
      "geometry": {
        "type": "Point",
        "coordinates": [
          76.4709052,
          15.337532
        ]
      },
      "id": "node/14109977026"
    },
    {
      "type": "Feature",
      "properties": {
        "@id": "node/14112402447",
        "name": "Temples on the Hemakuta hill",
        "tourism": "information"
      },
      "geometry": {
        "type": "Point",
        "coordinates": [
          76.4599707,
          15.3343378
        ]
      },
      "id": "node/14112402447"
    },
    {
      "type": "Feature",
      "properties": {
        "@id": "node/14112459535",
        "historic": "memorial"
      },
      "geometry": {
        "type": "Point",
        "coordinates": [
          76.4213742,
          15.2817153
        ]
      },
      "id": "node/14112459535"
    },
    {
      "type": "Feature",
      "properties": {
        "@id": "node/14112464647",
        "name": "Lakshmi Narashima temple (Narashima statue)",
        "tourism": "information"
      },
      "geometry": {
        "type": "Point",
        "coordinates": [
          76.4590725,
          15.329015
        ]
      },
      "id": "node/14112464647"
    },
    {
      "type": "Feature",
      "properties": {
        "@id": "node/14112467396",
        "historic": "memorial",
        "memorial": "war_memorial"
      },
      "geometry": {
        "type": "Point",
        "coordinates": [
          76.3899808,
          15.2824139
        ]
      },
      "id": "node/14112467396"
    },
    {
      "type": "Feature",
      "properties": {
        "@id": "node/14112483605",
        "name": "Phalapuja and Kalyanotsava",
        "tourism": "information"
      },
      "geometry": {
        "type": "Point",
        "coordinates": [
          76.4592068,
          15.335839
        ]
      },
      "id": "node/14112483605"
    },
    {
      "type": "Feature",
      "properties": {
        "@id": "node/14114189580",
        "amenity": "place_of_worship",
        "name": "Sai Baba temple",
        "religion": "hindu"
      },
      "geometry": {
        "type": "Point",
        "coordinates": [
          76.4162815,
          15.2784491
        ]
      },
      "id": "node/14114189580"
    },
    {
      "type": "Feature",
      "properties": {
        "@id": "node/14114204970",
        "name": "Matanga hill",
        "tourism": "information"
      },
      "geometry": {
        "type": "Point",
        "coordinates": [
          76.4695834,
          15.331929
        ]
      },
      "id": "node/14114204970"
    },
    {
      "type": "Feature",
      "properties": {
        "@id": "node/14114225236",
        "information": "board",
        "name": "Veerabhadra temple",
        "note": "location is correct, even if the temple the board describes is up hill",
        "tourism": "information"
      },
      "geometry": {
        "type": "Point",
        "coordinates": [
          76.4665158,
          15.3331162
        ]
      },
      "id": "node/14114225236"
    },
    {
      "type": "Feature",
      "properties": {
        "@id": "node/14137827789",
        "historic": "memorial",
        "memorial": "statue"
      },
      "geometry": {
        "type": "Point",
        "coordinates": [
          76.3728306,
          15.2733212
        ]
      },
      "id": "node/14137827789"
    },
    {
      "type": "Feature",
      "properties": {
        "@id": "node/14141033028",
        "amenity": "place_of_worship",
        "historic": "temple",
        "name": "Shiva temple",
        "religion": "hindu",
        "start_date": "1400"
      },
      "geometry": {
        "type": "Point",
        "coordinates": [
          76.4684111,
          15.3379593
        ]
      },
      "id": "node/14141033028"
    },
    {
      "type": "Feature",
      "properties": {
        "@id": "node/14141038533",
        "historic": "monument",
        "name": "Ugra Narasimha",
        "name:kn": "ಉಗ್ರ ನರಸಿಂಹ"
      },
      "geometry": {
        "type": "Point",
        "coordinates": [
          76.4589409,
          15.329114
        ]
      },
      "id": "node/14141038533"
    }
  ]
}